ID,W,H
0,361,293
1,203,121
2,357,365
3,185,113
4,291,297
5,493,191
6,439,293
7,317,445
8,465,151
9,409,291
10,115,149
11,293,493
12,255,413
13,401,359
14,355,205
15,75,481
16,115,285
17,227,417
18,229,121
19,243,429
20,393,303
21,117,113
22,401,165
23,279,393
24,209,253
25,441,431
26,325,293
27,221,491
28,443,99
29,207,325
30,83,433
31,335,469
32,227,331
33,271,357
34,381,417
35,159,319
36,303,87
37,95,321
38,331,449
39,495,207
40,341,399
41,333,469
42,491,137
43,205,269
44,323,301
45,199,155
46,441,221
47,281,175
48,335,155
49,147,339
50,313,297
51,329,121
52,475,331
53,363,101
54,383,211
55,355,83
56,277,169
57,429,195
58,251,175
59,439,111
60,161,369
61,193,119
62,267,359
63,73,163
64,359,81
65,281,283
66,285,179
67,229,377
68,333,279
69,477,131
70,151,161
71,429,137
72,347,225
73,165,229
74,225,83
75,353,353
76,201,287
77,111,325
78,479,381
79,87,245
80,471,337
81,201,337
82,233,159
83,491,173
84,489,195
85,243,317
86,87,495
87,225,337
88,423,341
89,167,233
90,263,277
91,229,359
92,223,363
93,345,443
94,453,339
95,265,163
96,281,163
97,383,123
98,463,357
99,355,101
100,477,191
101,343,105
102,89,261
103,269,263
104,359,477
105,365,475
106,305,139
107,225,405
108,137,109
109,83,349
110,261,255
111,267,119
112,465,289
113,347,291
114,199,327
115,187,447
116,331,207
117,387,289
118,199,459
119,109,353
120,107,281
121,241,441
122,381,459
123,71,247
124,491,257
125,267,135
126,327,425
127,89,317
128,465,71
129,325,117
130,285,179
131,355,487
132,309,75
133,353,375
134,139,263
135,261,449
136,133,429
137,207,175
138,99,367
139,423,491
140,417,87
141,339,237
142,241,293
143,247,215
144,231,343
145,399,281
146,391,213
147,115,415
148,281,315
149,113,367
150,287,305
151,153,281
152,357,191
153,257,321
154,249,397
155,353,219
156,127,63
157,483,101
158,147,211
159,269,201
160,405,131
161,341,315
162,311,153
163,117,375
164,265,255
165,149,137
166,373,393
167,271,137
168,275,475
169,385,233
170,119,465
171,291,293
172,127,435
173,341,407
174,329,427
175,399,197
176,71,357
177,469,125
178,497,399
179,259,203
180,87,253
181,225,111
182,259,119
183,427,123
184,171,203
185,155,225
186,485,221
187,65,187
188,197,293
189,339,497
190,317,377
191,293,79
192,311,421
193,449,273
194,473,141
195,481,143
196,307,123
197,75,131
198,387,211
199,435,111
200,169,207
201,373,241
202,327,107
203,73,221
204,211,423
205,65,205
206,395,387
207,175,367
208,87,259
209,197,485
210,493,415
211,365,165
212,93,195
213,255,499
214,419,407
215,487,461
216,93,321
217,437,457
218,231,127
219,397,233
220,211,233
221,289,401
222,351,263
223,173,121
224,373,185
225,497,331
226,63,99
227,209,169
228,361,357
229,457,281
230,435,345
231,327,471
232,491,297
233,305,281
234,301,385
235,177,65
236,77,241
237,91,163
238,235,155
239,371,179
240,227,223
241,395,129
242,229,363
243,367,227
244,383,491
245,343,373
246,303,487
247,301,319
248,81,425
249,297,85
250,397,157
251,319,65
252,113,275
253,111,327
254,351,211
255,301,335
256,427,101
257,213,179
258,369,411
259,261,289
260,395,225
261,349,431
262,341,243
263,79,201
264,109,369
265,75,423
266,353,419
267,203,119
268,287,303
269,123,281
270,91,99
271,131,87
272,373,469
273,327,313
274,483,313
275,363,101
276,359,133
277,271,225
278,491,103
279,355,157
280,385,493
281,269,393
282,399,303
283,433,245
284,77,109
285,419,293
286,355,461
287,275,403
288,409,99
289,143,131
290,185,415
291,429,99
292,443,119
293,447,425
294,253,317
295,115,81
296,477,147
297,63,205
298,475,189
299,135,401
300,185,171
301,279,107
302,433,113
303,77,357
304,393,119
305,221,307
306,121,397
307,225,499
308,475,489
309,447,265
310,499,375
311,259,125
312,239,209
313,193,87
314,387,399
315,75,77
316,383,257
317,485,153
318,137,333
319,449,285
320,273,305
321,495,269
322,293,499
323,329,115
324,341,277
325,487,193
326,315,61
327,445,383
328,229,409
329,261,125
330,169,313
331,171,489
332,163,439
333,163,285
334,167,233
335,65,411
336,285,161
337,339,365
338,453,353
339,365,299
340,413,253
341,239,489
342,201,357
343,339,459
344,325,343
345,427,395
346,83,415
347,209,317
348,67,291
349,381,173
350,445,73
351,393,443
352,389,485
353,227,91
354,127,425
355,465,221
356,413,441
357,111,425
358,355,295
359,329,343
360,261,293
361,211,493
362,319,395
363,327,317
364,405,419
365,375,71
366,311,407
367,263,301
368,273,409
369,405,431
370,411,491
371,155,465
372,399,487
373,137,285
374,297,87
375,411,397
376,205,101
377,321,273
378,373,111
379,83,419
380,111,429
381,301,461
382,185,135
383,303,167
384,445,339
385,309,211
386,107,317
387,281,325
388,275,143
389,465,277
390,471,443
391,87,265
392,261,265
393,407,75
394,173,155
395,181,131
396,225,97
397,83,315
398,279,199
399,145,461
400,297,275
401,171,377
402,131,223
403,349,389
404,293,111
405,469,415
406,235,161
407,217,217
408,103,433
409,175,173
410,127,287
411,351,321
412,325,297
413,399,275
414,171,193
415,83,253
416,255,207
417,263,487
418,375,439
419,423,77
420,405,205
421,227,493
422,179,289
423,187,279
424,441,363
425,257,389
426,77,299
427,367,411
428,193,369
429,123,301
430,229,397
431,451,477
432,71,461
433,445,83
434,475,169
435,471,235
436,295,179
437,99,71
438,421,431
439,317,465
440,419,325
441,343,121
442,125,335
443,87,361
444,149,275
445,375,301
446,397,395
447,381,445
448,407,87
449,331,471
450,479,399
451,165,449
452,147,207
453,217,367
454,141,331
455,221,405
456,181,361
457,293,483
458,77,257
459,63,61
460,109,73
461,87,261
462,117,313
463,275,465
464,405,279
465,391,165
466,319,155
467,465,459
468,367,101
469,307,103
470,403,435
471,287,319
472,121,109
473,125,139
474,285,241
475,209,485
476,379,353
477,425,65
478,465,359
479,373,161
480,317,231
481,71,417
482,119,463
483,499,425
484,147,245
485,113,475
486,383,429
487,181,463
488,429,97
489,247,329
490,483,325
491,171,353
492,155,245
493,469,195
494,117,223
495,429,465
496,301,221
497,445,419
498,259,445
499,233,375
500,367,133
501,73,191
502,273,407
503,201,201
504,401,465
505,201,279
506,441,297
507,203,157
508,179,363
509,71,355
510,399,365
511,187,365
512,433,97
513,339,203
514,87,95
515,435,357
516,293,339
517,377,323
518,311,377
519,457,333
520,355,155
521,339,225
522,445,485
523,235,129
524,469,157
525,115,267
526,121,311
527,379,165
528,349,339
529,401,235
530,149,189
531,493,431
532,419,201
533,291,479
534,193,111
535,205,293
536,469,419
537,69,313
538,193,243
539,137,285
540,261,129
541,63,237
542,265,105
543,403,109
544,119,105
545,169,415
546,205,337
547,257,321
548,273,343
549,175,441
550,373,315
551,457,163
552,441,397
553,291,103
554,299,199
555,171,485
556,201,255
557,297,251
558,281,193
559,129,73
560,483,405
561,107,217
562,285,267
563,491,117
564,469,249
565,499,83
566,225,239
567,357,367
568,91,485
569,257,319
570,235,361
571,133,163
572,453,199
573,225,175
574,127,477
575,175,213
576,79,379
577,447,409
578,63,315
579,367,477
580,233,253
581,169,75
582,343,493
583,95,229
584,179,147
585,293,173
586,393,407
587,449,331
588,411,113
589,91,429
590,93,433
591,451,85
592,435,227
593,339,497
594,103,171
595,457,277
596,201,219
597,91,223
598,317,373
599,383,221
600,181,499
601,447,375
602,425,221
603,135,413
604,439,193
605,263,127
606,215,335
607,343,293
608,193,401
609,241,459
610,253,241
611,117,105
612,283,355
613,361,187
614,407,187
615,77,183
616,231,375
617,325,285
618,263,79
619,245,183
620,489,471
621,451,495
622,383,285
623,97,181
624,265,213
625,175,199
626,135,75
627,341,157
628,131,363
629,383,83
630,131,169
631,179,123
632,375,139
633,285,145
634,83,213
635,315,487
636,481,409
637,397,293
638,223,465
639,191,453
640,71,107
641,255,319
642,123,401
643,265,261
644,223,349
645,343,307
646,159,317
647,427,103
648,265,243
649,269,99
650,453,301
651,449,149
652,207,451
653,93,495
654,113,487
655,95,361
656,281,143
657,481,155
658,341,111
659,107,173
660,499,257
661,151,219
662,489,477
663,415,321
664,179,385
665,123,287
666,251,121
667,485,175
668,179,285
669,107,257
670,161,137
671,427,111
672,95,83
673,127,275
674,357,325
675,95,481
676,159,295
677,283,463
678,213,81
679,267,245
680,453,139
681,101,97
682,207,471
683,105,121
684,435,285
685,471,293
686,379,397
687,157,275
688,81,199
689,463,287
690,275,177
691,473,69
692,257,489
693,411,137
694,109,75
695,417,183
696,75,183
697,341,181
698,215,95
699,187,275
700,285,113
701,183,383
702,369,441
703,71,427
704,367,355
705,129,97
706,201,497
707,459,307
708,331,313
709,75,353
710,69,353
711,189,419
712,201,489
713,241,209
714,421,253
715,125,257
716,231,337
717,175,261
718,493,71
719,333,221
720,253,139
721,441,205
722,77,283
723,387,225
724,133,421
725,485,87
726,231,471
727,377,153
728,71,273
729,213,231
730,465,383
731,185,125
732,335,339
733,167,355
734,447,143
735,491,359
736,103,153
737,115,195
738,447,495
739,377,177
740,237,497
741,243,259
742,139,267
743,477,209
744,173,67
745,471,181
746,195,203
747,139,151
748,305,399
749,457,179
750,437,113
751,101,115
752,125,329
753,379,337
754,149,499
755,159,291
756,377,189
757,377,255
758,273,473
759,157,241
760,91,273
761,291,323
762,83,157
763,119,171
764,193,67
765,211,89
766,155,229
767,171,475
768,297,363
769,251,209
770,87,115
771,497,439
772,337,219
773,153,109
774,123,331
775,101,417
776,397,269
777,487,327
778,391,233
779,487,285
780,235,357
781,173,101
782,177,211
783,413,109
784,107,291
785,481,485
786,125,401
787,151,425
788,101,335
789,283,335
790,447,345
791,389,375
792,133,473
793,429,439
794,275,197
795,341,335
796,245,271
797,293,337
798,123,487
799,363,385
800,337,111
801,93,337
802,295,235
803,269,357
804,473,399
805,427,191
806,335,441
807,221,393
808,447,75
809,235,143
810,469,387
811,237,85
812,331,387
813,371,153
814,91,379
815,151,339
816,153,79
817,155,161
818,485,451
819,227,273
820,155,437
821,115,499
822,129,179
823,315,369
824,257,169
825,255,143
826,449,75
827,289,419
828,137,425
829,77,377
830,371,315
831,467,427
832,77,163
833,479,461
834,207,85
835,223,297
836,105,233
837,203,371
838,359,137
839,373,477
840,321,375
841,387,233
842,455,265
843,405,161
844,287,459
845,323,73
846,93,127
847,309,247
848,313,333
849,211,123
850,219,245
851,437,209
852,401,445
853,355,149
854,119,263
855,219,77
856,205,167
857,453,453
858,317,205
859,205,441
860,497,169
861,147,111
862,395,169
863,261,365
864,495,307
865,461,363
866,63,313
867,211,307
868,93,167
869,335,393
870,243,65
871,493,259
872,465,175
873,279,423
874,91,471
875,453,239
876,103,477
877,475,279
878,469,133
879,105,399
880,377,403
881,77,217
882,129,101
883,427,177
884,233,405
885,345,465
886,109,113
887,301,339
888,113,249
889,397,97
890,433,131
891,453,133
892,427,399
893,125,347
894,163,91
895,167,281
896,439,491
897,389,255
898,451,425
899,271,371
900,197,323
901,125,167
902,385,325
903,295,365
904,453,169
905,347,141
906,141,409
907,259,135
908,433,133
909,109,295
910,105,307
911,69,215
912,107,81
913,421,265
914,275,157
915,491,493
916,95,329
917,365,353
918,175,463
919,325,259
920,139,67
921,455,273
922,123,305
923,129,159
924,171,341
925,445,115
926,219,355
927,339,101
928,213,223
929,159,193
930,179,445
931,149,387
932,73,181
933,73,459
934,259,301
935,329,231
936,67,331
937,187,243
938,279,159
939,419,155
940,101,477
941,369,159
942,443,327
943,195,425
944,99,465
945,431,337
946,341,397
947,75,185
948,351,369
949,325,257
950,337,393
951,345,99
952,223,497
953,333,469
954,347,331
955,411,109
956,217,327
957,289,395
958,439,315
959,227,139
960,431,439
961,143,155
962,271,347
963,101,283
964,407,279
965,459,249
966,259,61
967,369,271
968,251,67
969,431,311
970,477,107
971,365,201
972,207,193
973,181,309
974,163,321
975,141,477
976,497,411
977,297,425
978,321,453
979,237,261
980,487,219
981,145,327
982,369,379
983,477,285
984,409,139
985,157,263
986,91,261
987,485,329
988,155,309
989,469,283
990,473,231
991,117,145
992,193,361
993,363,405
994,237,345
995,373,177
996,77,443
997,173,113
998,105,153
999,305,303
1000,239,243
1001,327,407
1002,499,401
1003,351,299
1004,129,173
1005,165,391
1006,463,205
1007,465,207
1008,493,89
1009,175,187
1010,229,427
1011,373,223
1012,309,333
1013,229,71
1014,107,135
1015,123,357
1016,203,215
1017,257,117
1018,181,343
1019,457,149
1020,377,187
1021,199,329
1022,317,167
1023,221,103
1024,61,289
1025,389,497
1026,117,227
1027,129,345
1028,175,63
1029,187,431
1030,327,335
1031,347,471
1032,497,215
1033,99,193
1034,305,107
1035,165,73
1036,151,403
1037,271,423
1038,197,183
1039,337,441
1040,345,221
1041,345,89
1042,491,121
1043,111,159
1044,247,287
1045,263,465
1046,233,497
1047,455,309
1048,167,155
1049,197,415
1050,63,491
1051,87,333
1052,191,115
1053,457,297
1054,427,315
1055,393,231
1056,209,209
1057,435,343
1058,113,317
1059,467,455
1060,453,415
1061,435,223
1062,427,167
1063,181,235
1064,233,139
1065,351,255
1066,267,379
1067,497,249
1068,375,373
1069,415,437
1070,181,199
1071,257,91
1072,307,393
1073,87,495
1074,495,89
1075,267,475
1076,277,495
1077,475,149
1078,259,139
1079,425,483
1080,415,467
1081,449,371
1082,379,401
1083,113,285
1084,437,257
1085,487,451
1086,339,387
1087,255,243
1088,77,479
1089,71,115
1090,129,455
1091,399,163
1092,473,127
1093,355,281
1094,273,497
1095,417,431
1096,401,455
1097,347,437
1098,323,333
1099,461,199
1100,245,373
1101,433,121
1102,139,213
1103,199,109
1104,219,267
1105,431,349
1106,247,347
1107,105,233
1108,307,95
1109,135,479
1110,269,161
1111,409,255
1112,239,99
1113,299,445
1114,259,349
1115,131,165
1116,279,255
1117,217,385
1118,409,137
1119,259,285
1120,341,389
1121,495,321
1122,87,261
1123,495,297
1124,451,273
1125,231,177
1126,495,159
1127,145,311
1128,69,239
1129,367,309
1130,331,221
1131,417,399
1132,105,267
1133,285,203
1134,471,335
1135,241,393
1136,237,277
1137,273,377
1138,85,289
1139,285,213
1140,441,349
1141,195,219
1142,161,85
1143,275,205
1144,427,319
1145,303,67
1146,393,103
1147,235,213
1148,85,421
1149,381,273
1150,431,359
1151,129,79
1152,459,455
1153,113,323
1154,351,77
1155,445,111
1156,187,131
1157,127,277
1158,225,277
1159,427,471
1160,237,359
1161,131,133
1162,351,229
1163,149,367
1164,327,463
1165,213,145
1166,115,83
1167,117,261
1168,205,329
1169,305,303
1170,423,473
1171,245,425
1172,127,463
1173,137,405
1174,359,321
1175,87,387
1176,227,243
1177,437,451
1178,233,109
1179,161,143
1180,323,269
1181,191,355
1182,323,105
1183,293,309
1184,463,425
1185,381,373
1186,363,159
1187,299,223
1188,443,349
1189,63,109
1190,389,405
1191,113,177
1192,209,223
1193,261,127
1194,365,107
1195,259,383
1196,483,401
1197,125,355
1198,159,95
1199,155,179
1200,245,139
1201,359,251
1202,139,457
1203,433,183
1204,161,185
1205,361,139
1206,459,281
1207,363,397
1208,421,143
1209,65,199
1210,101,65
1211,267,223
1212,479,135
1213,485,169
1214,63,475
1215,217,421
1216,251,149
1217,423,201
1218,283,301
1219,279,323
1220,417,205
1221,241,437
1222,261,239
1223,245,287
1224,253,413
1225,355,289
1226,89,97
1227,433,253
1228,371,309
1229,241,165
1230,139,265
1231,449,311
1232,293,131
1233,201,277
1234,467,271
1235,285,163
1236,451,127
1237,87,91
1238,475,247
1239,263,79
1240,359,377
1241,279,117
1242,189,181
1243,117,171
1244,131,385
1245,465,235
1246,435,365
1247,113,313
1248,161,491
1249,273,187
1250,371,99
1251,431,351
1252,361,403
1253,497,245
1254,459,137
1255,267,381
1256,193,473
1257,445,173
1258,163,367
1259,455,159
1260,375,391
1261,393,391
1262,405,459
1263,423,113
1264,241,465
1265,265,373
1266,403,89
1267,305,193
1268,123,105
1269,459,467
1270,291,327
1271,495,89
1272,339,381
1273,499,117
1274,415,497
1275,361,123
1276,327,97
1277,415,97
1278,379,101
1279,447,491
1280,405,205
1281,455,169
1282,401,315
1283,403,487
1284,359,177
1285,435,261
1286,123,229
1287,169,253
1288,329,159
1289,385,69
1290,223,359
1291,237,479
1292,471,301
1293,321,469
1294,385,251
1295,463,437
1296,225,413
1297,365,469
1298,489,113
1299,135,245
1300,321,493
1301,185,353
1302,291,395
1303,305,437
1304,161,459
1305,277,417
1306,69,349
1307,165,341
1308,437,449
1309,359,371
1310,397,181
1311,287,275
1312,491,355
1313,239,139
1314,367,151
1315,135,281
1316,471,63
1317,219,443
1318,419,467
1319,439,167
1320,311,475
1321,73,227
1322,165,71
1323,459,107
1324,269,185
1325,259,331
1326,301,389
1327,71,135
1328,321,339
1329,315,421
1330,401,477
1331,141,189
1332,441,341
1333,303,407
1334,107,359
1335,319,489
1336,403,487
1337,339,409
1338,217,461
1339,499,219
1340,301,175
1341,265,349
1342,359,159
1343,459,425
1344,205,87
1345,267,315
1346,91,323
1347,357,125
1348,391,367
1349,309,485
1350,433,367
1351,427,259
1352,169,127
1353,265,441
1354,479,83
1355,233,67
1356,123,311
1357,191,79
1358,73,355
1359,245,65
1360,489,97
1361,455,425
1362,75,311
1363,125,123
1364,185,487
1365,341,373
1366,385,475
1367,481,221
1368,301,181
1369,497,295
1370,69,231
1371,201,201
1372,109,167
1373,61,169
1374,69,445
1375,483,473
1376,207,231
1377,81,281
1378,97,215
1379,417,89
1380,397,333
1381,91,89
1382,495,423
1383,101,253
1384,213,327
1385,223,307
1386,401,255
1387,79,293
1388,259,229
1389,203,281
1390,167,309
1391,291,91
1392,189,431
1393,389,293
1394,455,223
1395,477,113
1396,411,385
1397,351,197
1398,469,63
1399,433,417
1400,75,281
1401,249,89
1402,83,155
1403,77,199
1404,91,441
1405,235,189
1406,261,251
1407,245,451
1408,379,103
1409,169,75
1410,301,199
1411,389,153
1412,249,105
1413,173,395
1414,341,305
1415,399,481
1416,497,93
1417,337,115
1418,61,301
1419,435,347
1420,103,399
1421,315,199
1422,445,333
1423,83,225
1424,309,133
1425,331,235
1426,473,65
1427,423,183
1428,73,355
1429,155,337
1430,327,97
1431,357,463
1432,433,479
1433,321,409
1434,419,233
1435,401,125
1436,449,337
1437,473,495
1438,215,227
1439,441,367
1440,329,123
1441,489,191
1442,145,333
1443,285,351
1444,481,479
1445,189,309
1446,437,163
1447,269,81
1448,471,145
1449,161,397
1450,343,177
1451,325,433
1452,241,141
1453,289,233
1454,367,195
1455,115,193
1456,263,299
1457,107,195
1458,313,175
1459,251,323
1460,203,99
1461,183,97
1462,193,155
1463,425,143
1464,281,319
1465,297,237
1466,73,495
1467,393,249
1468,481,319
1469,461,283
1470,357,419
1471,71,243
1472,119,269
1473,139,459
1474,259,319
1475,247,461
1476,245,91
1477,195,209
1478,467,395
1479,387,237
1480,251,375
1481,405,241
1482,399,105
1483,393,455
1484,163,421
1485,397,167
1486,447,165
1487,101,287
1488,497,265
1489,119,67
1490,387,163
1491,191,221
1492,75,193
1493,457,353
1494,365,151
1495,197,115
1496,135,421
1497,443,263
1498,467,293
1499,355,287
1500,445,87
1501,415,203
1502,227,79
1503,229,417
1504,217,217
1505,333,409
1506,363,337
1507,155,475
1508,297,117
1509,99,153
1510,485,347
1511,363,205
1512,397,253
1513,413,291
1514,481,331
1515,441,191
1516,385,307
1517,237,71
1518,347,371
1519,309,391
1520,113,75
1521,133,297
1522,337,175
1523,133,385
1524,245,315
1525,241,183
1526,203,83
1527,445,103
1528,187,99
1529,301,475
1530,73,129
1531,69,263
1532,259,469
1533,305,221
1534,483,115
1535,349,315
1536,299,321
1537,337,249
1538,129,303
1539,369,61
1540,345,401
1541,487,181
1542,307,71
1543,197,441
1544,409,153
1545,85,475
1546,339,191
1547,317,111
1548,383,85
1549,233,321
1550,289,289
1551,211,319
1552,387,325
1553,409,65
1554,447,267
1555,493,117
1556,397,297
1557,147,257
1558,429,249
1559,285,279
1560,455,483
1561,493,133
1562,479,127
1563,347,455
1564,65,103
1565,489,189
1566,485,211
1567,317,97
1568,301,351
1569,431,339
1570,73,431
1571,373,311
1572,81,163
1573,285,145
1574,169,373
1575,305,97
1576,397,69
1577,195,111
1578,151,377
1579,429,375
1580,185,161
1581,425,435
1582,189,167
1583,133,277
1584,217,101
1585,401,323
1586,269,399
1587,167,265
1588,495,115
1589,133,397
1590,443,441
1591,147,125
1592,271,65
1593,329,349
1594,435,147
1595,411,441
1596,367,237
1597,385,195
1598,333,93
1599,83,225
1600,63,69
1601,413,179
1602,443,403
1603,81,77
1604,433,157
1605,213,485
1606,177,311
1607,121,127
1608,239,477
1609,253,201
1610,409,327
1611,263,267
1612,87,207
1613,491,129
1614,151,439
1615,475,475
1616,285,131
1617,235,403
1618,365,319
1619,485,253
1620,247,479
1621,297,165
1622,171,499
1623,213,219
1624,193,377
1625,431,83
1626,379,219
1627,397,253
1628,409,453
1629,297,451
1630,449,463
1631,385,329
1632,167,341
1633,317,273
1634,227,205
1635,383,365
1636,199,353
1637,445,467
1638,429,485
1639,477,115
1640,399,279
1641,311,71
1642,499,143
1643,287,345
1644,179,85
1645,89,299
1646,89,403
1647,281,155
1648,313,181
1649,497,335
1650,265,325
1651,257,99
1652,353,401
1653,429,343
1654,477,175
1655,479,89
1656,485,95
1657,297,311
1658,477,311
1659,361,145
1660,67,77
1661,459,151
1662,463,63
1663,397,487
1664,285,313
1665,101,479
1666,473,453
1667,149,277
1668,327,171
1669,289,223
1670,73,161
1671,439,477
1672,485,427
1673,487,127
1674,395,157
1675,361,189
1676,191,253
1677,381,431
1678,459,287
1679,235,385
1680,135,217
1681,405,487
1682,461,397
1683,389,163
1684,167,255
1685,337,191
1686,215,129
1687,183,249
1688,309,131
1689,143,489
1690,413,437
1691,107,163
1692,341,203
1693,489,115
1694,251,139
1695,313,377
1696,367,63
1697,85,461
1698,321,313
1699,347,335
1700,433,181
1701,345,355
1702,419,467
1703,161,367
1704,87,181
1705,67,219
1706,371,441
1707,173,415
1708,197,147
1709,353,201
1710,207,123
1711,243,89
1712,263,233
1713,223,401
1714,497,125
1715,367,469
1716,423,63
1717,171,141
1718,189,75
1719,487,443
1720,401,153
1721,193,225
1722,485,187
1723,269,493
1724,261,147
1725,89,263
1726,493,391
1727,119,285
1728,493,413
1729,451,293
1730,81,267
1731,183,231
1732,265,427
1733,171,195
1734,355,391
1735,307,309
1736,393,259
1737,309,291
1738,323,159
1739,349,269
1740,483,165
1741,189,81
1742,481,483
1743,431,477
1744,465,465
1745,65,117
1746,79,303
1747,421,255
1748,295,169
1749,151,173
1750,299,235
1751,337,191
1752,75,411
1753,407,123
1754,385,375
1755,371,311
1756,103,171
1757,175,171
1758,413,447
1759,283,85
1760,369,241
1761,179,215
1762,445,235
1763,373,189
1764,441,393
1765,131,285
1766,305,495
1767,433,199
1768,363,237
1769,77,489
1770,117,459
1771,273,413
1772,389,345
1773,141,185
1774,353,421
1775,367,273
1776,155,83
1777,475,203
1778,151,125
1779,481,321
1780,119,337
1781,283,165
1782,93,449
1783,371,159
1784,403,203
1785,211,213
1786,81,409
1787,345,361
1788,145,79
1789,385,361
1790,75,273
1791,345,201
1792,363,391
1793,205,153
1794,197,485
1795,259,319
1796,211,67
1797,363,153
1798,379,489
1799,107,153
1800,489,205
1801,433,253
1802,87,447
1803,469,201
1804,63,185
1805,149,391
1806,355,87
1807,435,103
1808,269,77
1809,407,409
1810,393,305
1811,207,361
1812,355,85
1813,251,127
1814,415,121
1815,381,119
1816,231,113
1817,225,125
1818,189,485
1819,431,441
1820,465,367
1821,177,73
1822,429,117
1823,447,325
1824,91,465
1825,191,339
1826,423,159
1827,335,161
1828,339,289
1829,213,111
1830,69,367
1831,353,473
1832,345,105
1833,287,371
1834,135,219
1835,121,165
1836,493,277
1837,277,425
1838,367,191
1839,351,191
1840,435,221
1841,383,293
1842,103,71
1843,395,245
1844,375,93
1845,233,117
1846,407,255
1847,405,189
1848,69,311
1849,115,195
1850,327,301
1851,437,447
1852,277,455
1853,157,437
1854,105,335
1855,147,247
1856,341,283
1857,195,431
1858,289,487
1859,331,461
1860,315,173
1861,247,259
1862,161,323
1863,323,63
1864,271,245
1865,185,237
1866,211,147
1867,413,459
1868,111,317
1869,141,435
1870,91,71
1871,241,443
1872,157,291
1873,255,419
1874,93,327
1875,73,275
1876,75,249
1877,417,81
1878,415,99
1879,437,411
1880,217,319
1881,229,353
1882,265,335
1883,487,239
1884,197,309
1885,363,431
1886,151,287
1887,183,153
1888,435,393
1889,177,263
1890,339,93
1891,173,461
1892,289,405
1893,91,209
1894,319,171
1895,449,173
1896,159,219
1897,495,249
1898,145,327
1899,209,111
1900,129,143
1901,285,109
1902,483,375
1903,351,359
1904,211,235
1905,261,213
1906,83,111
1907,337,217
1908,271,179
1909,383,453
1910,223,363
1911,203,413
1912,301,81
1913,367,415
1914,97,113
1915,205,373
1916,225,453
1917,367,141
1918,409,495
1919,147,167
1920,355,233
1921,125,113
1922,239,465
1923,247,233
1924,485,169
1925,359,285
1926,465,217
1927,313,295
1928,81,403
1929,475,61
1930,345,433
1931,117,179
1932,167,455
1933,269,347
1934,391,65
1935,121,215
1936,73,235
1937,165,145
1938,143,457
1939,417,115
1940,413,85
1941,315,409
1942,245,497
1943,239,453
1944,119,415
1945,477,193
1946,81,277
1947,357,127
1948,129,179
1949,357,143
1950,407,137
1951,63,143
1952,313,461
1953,73,251
1954,255,255
1955,297,499
1956,443,353
1957,497,139
1958,195,301
1959,143,129
1960,449,399
1961,455,141
1962,451,263
1963,187,361
1964,413,133
1965,345,447
1966,271,63
1967,361,329
1968,141,223
1969,431,165
1970,397,427
1971,367,91
1972,469,233
1973,433,225
1974,117,249
1975,187,139
1976,189,253
1977,473,421
1978,157,209
1979,301,439
1980,175,453
1981,225,99
1982,493,477
1983,103,401
1984,291,251
1985,133,159
1986,461,471
1987,469,95
1988,499,363
1989,221,383
1990,113,177
1991,465,93
1992,437,363
1993,285,463
1994,491,389
1995,87,179
1996,277,475
1997,151,469
1998,205,425
1999,445,473
2000,219,403
2001,385,195
2002,457,249
2003,339,315
2004,119,63
2005,157,257
2006,111,133
2007,441,477
2008,433,121
2009,161,337
2010,375,347
2011,441,115
2012,205,95
2013,481,61
2014,231,395
2015,447,75
2016,105,223
2017,455,357
2018,457,121
2019,253,431
2020,203,469
2021,199,385
2022,351,329
2023,115,125
2024,365,193
2025,357,217
2026,411,359
2027,291,353
2028,195,329
2029,131,273
2030,211,209
2031,385,191
2032,187,117
2033,83,451
2034,297,213
2035,237,251
2036,417,471
2037,307,355
2038,125,425
2039,63,459
2040,393,195
2041,443,397
2042,155,177
2043,237,415
2044,123,403
2045,317,395
2046,485,71
2047,149,69
2048,485,363
2049,295,227
2050,295,459
2051,367,109
2052,287,265
2053,271,411
2054,179,289
2055,439,429
2056,411,481
2057,87,473
2058,499,297
2059,495,101
2060,455,403
2061,145,87
2062,469,187
2063,243,69
2064,255,169
2065,119,131
2066,179,211
2067,295,473
2068,489,487
2069,127,347
2070,397,303
2071,373,331
2072,99,401
2073,97,397
2074,349,471
2075,469,111
2076,405,409
2077,87,167
2078,193,421
2079,257,253
2080,241,481
2081,271,71
2082,393,491
2083,371,385
2084,83,457
2085,187,159
2086,73,489
2087,75,379
2088,403,203
2089,191,153
2090,379,439
2091,167,105
2092,351,149
2093,261,345
2094,193,195
2095,125,307
2096,437,403
2097,177,65
2098,397,67
2099,357,303
2100,309,161
2101,205,71
2102,81,187
2103,347,181
2104,281,395
2105,161,209
2106,301,89
2107,173,163
2108,305,185
2109,293,85
2110,473,99
2111,231,389
2112,327,487
2113,313,365
2114,75,299
2115,355,95
2116,69,331
2117,213,241
2118,155,497
2119,263,465
2120,491,369
2121,129,133
2122,339,357
2123,371,89
2124,117,185
2125,171,495
2126,75,163
2127,181,223
2128,223,463
2129,307,99
2130,105,83
2131,189,135
2132,407,265
2133,499,399
2134,349,157
2135,323,463
2136,225,469
2137,85,185
2138,159,363
2139,211,209
2140,421,325
2141,327,81
2142,135,233
2143,449,171
2144,451,269
2145,255,409
2146,333,123
2147,237,275
2148,247,91
2149,265,203
2150,387,325
2151,167,489
2152,101,219
2153,435,71
2154,251,435
2155,423,215
2156,215,407
2157,333,147
2158,121,93
2159,309,227
2160,145,361
2161,487,477
2162,263,399
2163,159,149
2164,387,449
2165,97,393
2166,83,465
2167,85,219
2168,439,487
2169,315,243
2170,391,295
2171,167,415
2172,345,111
2173,275,341
2174,251,129
2175,79,211
2176,243,195
2177,159,171
2178,297,111
2179,135,153
2180,471,115
2181,237,457
2182,429,467
2183,103,353
2184,167,401
2185,121,309
2186,273,117
2187,113,243
2188,135,483
2189,209,81
2190,219,431
2191,61,265
2192,229,87
2193,133,195
2194,361,69
2195,437,445
2196,175,99
2197,67,183
2198,151,245
2199,221,163
2200,121,151
2201,173,421
2202,313,203
2203,487,161
2204,181,157
2205,479,145
2206,369,303
2207,89,169
2208,109,189
2209,499,121
2210,125,179
2211,403,351
2212,167,489
2213,69,435
2214,391,353
2215,81,487
2216,381,163
2217,459,453
2218,75,95
2219,261,405
2220,311,77
2221,133,149
2222,439,99
2223,209,377
2224,363,207
2225,297,95
2226,165,73
2227,289,107
2228,195,475
2229,305,363
2230,325,433
2231,175,261
2232,491,491
2233,229,143
2234,371,63
2235,377,409
2236,483,219
2237,205,235
2238,205,99
2239,299,277
2240,451,349
2241,479,269
2242,405,495
2243,467,479
2244,291,461
2245,63,371
2246,169,453
2247,459,343
2248,65,411
2249,139,85
2250,189,205
2251,317,279
2252,365,361
2253,147,205
2254,207,463
2255,235,133
2256,339,249
2257,231,185
2258,71,99
2259,65,395
2260,71,93
2261,231,339
2262,63,115
2263,101,497
2264,183,131
2265,397,485
2266,203,231
2267,305,79
2268,293,299
2269,401,367
2270,329,77
2271,321,83
2272,315,393
2273,357,445
2274,111,93
2275,249,265
2276,441,261
2277,111,385
2278,493,165
2279,85,331
2280,111,115
2281,277,471
2282,227,247
2283,489,219
2284,249,405
2285,255,499
2286,243,405
2287,183,153
2288,85,385
2289,385,493
2290,345,441
2291,61,195
2292,331,329
2293,99,129
2294,411,389
2295,445,325
2296,169,463
2297,241,249
2298,197,499
2299,309,133
2300,339,403
2301,397,107
2302,239,235
2303,481,351
2304,277,117
2305,345,121
2306,247,273
2307,193,415
2308,71,483
2309,231,277
2310,143,143
2311,443,133
2312,307,259
2313,91,441
2314,357,153
2315,255,127
2316,295,287
2317,213,185
2318,135,115
2319,485,105
2320,273,457
2321,193,397
2322,475,281
2323,371,157
2324,389,223
2325,111,279
2326,133,343
2327,317,277
2328,303,247
2329,159,247
2330,167,197
2331,239,189
2332,433,423
2333,385,173
2334,273,441
2335,391,91
2336,491,301
2337,453,127
2338,395,203
2339,137,495
2340,121,363
2341,279,415
2342,275,105
2343,399,493
2344,141,223
2345,295,113
2346,91,293
2347,341,295
2348,231,429
2349,211,393
2350,447,177
2351,417,213
2352,123,185
2353,135,171
2354,109,93
2355,365,165
2356,249,459
2357,353,401
2358,253,81
2359,201,387
2360,103,125
2361,139,481
2362,229,269
2363,309,265
2364,479,89
2365,131,257
2366,327,265
2367,159,139
2368,253,403
2369,463,469
2370,411,297
2371,487,365
2372,483,143
2373,189,267
2374,379,387
2375,473,141
2376,483,477
2377,119,257
2378,99,87
2379,243,479
2380,427,359
2381,77,327
2382,157,85
2383,495,97
2384,179,67
2385,179,403
2386,201,319
2387,459,433
2388,295,137
2389,303,295
2390,223,213
2391,77,435
2392,455,127
2393,363,89
2394,275,415
2395,471,373
2396,397,391
2397,491,67
2398,315,197
2399,287,159
2400,417,99
2401,345,233
2402,71,189
2403,311,163
2404,337,245
2405,397,153
2406,75,419
2407,455,287
2408,169,483
2409,101,459
2410,201,357
2411,101,127
2412,237,245
2413,415,287
2414,111,481
2415,291,209
2416,433,69
2417,141,351
2418,445,249
2419,343,277
2420,197,91
2421,215,351
2422,459,171
2423,207,189
2424,73,103
2425,495,311
2426,347,155
2427,237,473
2428,103,265
2429,385,319
2430,365,473
2431,263,469
2432,65,245
2433,169,469
2434,433,347
2435,275,333
2436,91,65
2437,385,227
2438,111,327
2439,451,175
2440,143,481
2441,499,337
2442,227,71
2443,279,405
2444,63,485
2445,217,195
2446,133,495
2447,165,409
2448,265,405
2449,493,445
2450,311,415
2451,325,191
2452,83,381
2453,255,81
2454,99,249
2455,377,353
2456,499,143
2457,69,369
2458,335,129
2459,195,355
2460,113,169
2461,323,237
2462,95,115
2463,289,119
2464,493,437
2465,283,131
2466,323,443
2467,203,199
2468,323,235
2469,279,417
2470,63,161
2471,109,61
2472,381,65
2473,181,203
2474,129,69
2475,351,277
2476,267,431
2477,259,121
2478,301,473
2479,481,459
2480,433,265
2481,121,259
2482,383,301
2483,69,457
2484,499,299
2485,177,473
2486,195,375
2487,473,71
2488,209,481
2489,421,249
2490,191,413
2491,105,405
2492,147,95
2493,77,161
2494,453,331
2495,499,283
2496,241,337
2497,475,139
2498,449,239
2499,61,115
2500,65,439
2501,363,79
2502,329,283
2503,125,131
2504,347,153
2505,269,137
2506,83,479
2507,95,255
2508,73,155
2509,209,221
2510,291,239
2511,463,149
2512,279,61
2513,179,445
2514,195,169
2515,395,495
2516,185,127
2517,93,497
2518,333,377
2519,81,249
2520,229,299
2521,203,71
2522,493,455
2523,151,489
2524,441,335
2525,323,421
2526,489,291
2527,233,139
2528,435,159
2529,463,391
2530,221,105
2531,337,275
2532,125,269
2533,231,323
2534,383,321
2535,195,143
2536,399,301
2537,291,441
2538,95,447
2539,309,347
2540,267,71
2541,373,165
2542,95,387
2543,209,161
2544,171,301
2545,327,305
2546,93,323
2547,91,79
2548,279,307
2549,347,309
2550,291,115
2551,67,145
2552,207,283
2553,349,499
2554,433,79
2555,227,361
2556,387,321
2557,119,431
2558,323,291
2559,291,177
2560,283,257
2561,215,301
2562,151,465
2563,95,265
2564,203,187
2565,441,281
2566,397,111
2567,161,455
2568,169,473
2569,185,107
2570,171,471
2571,427,443
2572,447,61
2573,65,273
2574,387,463
2575,415,145
2576,61,169
2577,211,175
2578,383,253
2579,133,405
2580,151,325
2581,111,255
2582,407,443
2583,153,103
2584,417,427
2585,473,65
2586,389,303
2587,423,111
2588,411,325
2589,141,325
2590,491,75
2591,237,479
2592,239,499
2593,431,471
2594,345,139
2595,99,367
2596,129,465
2597,299,199
2598,425,255
2599,255,441
2600,79,383
2601,385,109
2602,359,449
2603,481,111
2604,345,235
2605,317,213
2606,347,431
2607,367,195
2608,359,95
2609,417,121
2610,193,467
2611,349,67
2612,265,149
2613,483,253
2614,225,69
2615,163,459
2616,423,183
2617,393,109
2618,183,477
2619,65,101
2620,321,87
2621,229,407
2622,493,159
2623,469,453
2624,375,87
2625,153,367
2626,487,461
2627,117,155
2628,257,365
2629,279,165
2630,165,331
2631,403,71
2632,211,471
2633,463,221
2634,343,119
2635,67,319
2636,499,331
2637,471,423
2638,159,461
2639,221,197
2640,155,395
2641,189,127
2642,269,435
2643,287,373
2644,279,231
2645,425,117
2646,331,337
2647,403,331
2648,395,243
2649,367,351
2650,171,227
2651,227,169
2652,317,491
2653,337,81
2654,363,489
2655,93,91
2656,181,155
2657,403,95
2658,289,155
2659,263,91
2660,193,339
2661,141,75
2662,289,265
2663,357,369
2664,113,415
2665,289,421
2666,245,351
2667,419,315
2668,445,453
2669,357,215
2670,221,223
2671,257,191
2672,307,333
2673,101,421
2674,473,81
2675,461,323
2676,465,361
2677,229,367
2678,495,63
2679,273,337
2680,373,407
2681,443,89
2682,309,383
2683,309,61
2684,237,295
2685,269,307
2686,213,103
2687,89,145
2688,451,407
2689,315,123
2690,417,439
2691,421,449
2692,221,257
2693,289,493
2694,387,213
2695,355,259
2696,243,181
2697,381,427
2698,151,145
2699,459,333
2700,395,361
2701,317,263
2702,295,175
2703,297,353
2704,351,303
2705,477,275
2706,327,433
2707,273,155
2708,351,249
2709,217,347
2710,209,141
2711,205,375
2712,399,111
2713,397,227
2714,199,149
2715,145,435
2716,485,181
2717,301,235
2718,155,215
2719,329,79
2720,455,213
2721,89,455
2722,399,201
2723,341,219
2724,187,403
2725,423,177
2726,177,471
2727,421,489
2728,175,301
2729,331,121
2730,397,103
2731,433,161
2732,413,381
2733,75,301
2734,253,181
2735,215,247
2736,161,397
2737,205,141
2738,113,101
2739,305,213
2740,401,391
2741,95,119
2742,303,249
2743,399,395
2744,259,449
2745,305,239
2746,435,323
2747,325,135
2748,79,415
2749,177,149
2750,381,115
2751,425,385
2752,107,403
2753,251,139
2754,455,493
2755,461,85
2756,71,151
2757,273,363
2758,339,169
2759,335,251
2760,423,169
2761,369,221
2762,473,197
2763,245,207
2764,157,77
2765,409,203
2766,493,163
2767,297,445
2768,251,117
2769,419,327
2770,109,391
2771,101,267
2772,217,293
2773,301,109
2774,331,485
2775,387,483
2776,415,481
2777,315,233
2778,281,239
2779,133,173
2780,297,369
2781,387,445
2782,319,215
2783,81,87
2784,105,129
2785,349,75
2786,409,397
2787,181,395
2788,79,203
2789,361,303
2790,259,147
2791,499,417
2792,403,165
2793,447,95
2794,81,141
2795,273,159
2796,297,229
2797,257,185
2798,313,65
2799,103,129
2800,373,273
2801,129,135
2802,107,497
2803,431,61
2804,371,499
2805,253,427
2806,417,147
2807,353,475
2808,363,175
2809,405,111
2810,437,259
2811,389,455
2812,469,171
2813,311,113
2814,267,177
2815,417,389
2816,481,293
2817,207,247
2818,95,209
2819,217,185
2820,471,455
2821,217,65
2822,197,175
2823,459,155
2824,205,433
2825,263,119
2826,87,493
2827,481,251
2828,497,419
2829,471,149
2830,101,231
2831,315,271
2832,189,107
2833,215,443
2834,417,81
2835,455,277
2836,491,111
2837,351,437
2838,175,161
2839,391,361
2840,81,181
2841,455,71
2842,281,339
2843,95,437
2844,455,369
2845,197,181
2846,209,105
2847,119,253
2848,467,95
2849,205,157
2850,287,477
2851,201,133
2852,405,359
2853,377,401
2854,401,115
2855,111,95
2856,361,373
2857,79,497
2858,469,63
2859,265,497
2860,375,95
2861,153,273
2862,253,147
2863,479,303
2864,321,199
2865,495,347
2866,491,495
2867,127,237
2868,227,201
2869,297,445
2870,389,153
2871,85,67
2872,247,283
2873,175,319
2874,351,383
2875,345,489
2876,441,371
2877,203,269
2878,199,347
2879,271,187
2880,295,93
2881,363,349
2882,109,455
2883,143,85
2884,241,229
2885,71,271
2886,403,181
2887,473,129
2888,439,391
2889,421,205
2890,231,401
2891,307,331
2892,359,347
2893,69,189
2894,109,427
2895,371,205
2896,65,271
2897,493,381
2898,267,61
2899,203,129
2900,483,107
2901,343,161
2902,101,193
2903,349,261
2904,269,419
2905,235,119
2906,99,295
2907,445,139
2908,461,393
2909,331,183
2910,255,435
2911,141,85
2912,429,475
2913,265,163
2914,91,457
2915,137,135
2916,271,269
2917,415,185
2918,287,475
2919,117,479
2920,375,369
2921,279,273
2922,481,143
2923,449,95
2924,103,189
2925,405,429
2926,151,243
2927,223,293
2928,471,295
2929,339,373
2930,123,195
2931,339,429
2932,449,151
2933,283,233
2934,331,183
2935,111,109
2936,375,75
2937,441,421
2938,189,277
2939,405,237
2940,277,247
2941,305,479
2942,395,153
2943,413,331
2944,231,355
2945,273,317
2946,421,467
2947,333,309
2948,409,99
2949,129,227
2950,433,327
2951,427,269
2952,307,359
2953,345,109
2954,121,219
2955,273,307
2956,95,85
2957,321,443
2958,97,387
2959,487,431
2960,255,71
2961,291,155
2962,399,253
2963,257,71
2964,469,155
2965,421,281
2966,229,363
2967,107,415
2968,131,199
2969,345,133
2970,357,445
2971,63,135
2972,387,345
2973,233,183
2974,273,167
2975,453,93
2976,393,215
2977,307,189
2978,435,361
2979,415,199
2980,411,313
2981,391,211
2982,127,327
2983,311,85
2984,331,427
2985,61,361
2986,275,343
2987,425,159
2988,385,171
2989,363,85
2990,455,181
2991,127,461
2992,243,419
2993,427,339
2994,309,207
2995,167,361
2996,425,253
2997,203,187
2998,105,149
2999,243,411
3000,455,353
3001,295,169
3002,379,375
3003,407,211
3004,217,485
3005,471,423
3006,281,261
3007,349,227
3008,153,347
3009,221,251
3010,479,217
3011,123,147
3012,273,393
3013,237,145
3014,457,107
3015,379,121
3016,485,149
3017,325,227
3018,439,457
3019,413,335
3020,133,467
3021,387,401
3022,109,159
3023,453,283
3024,283,465
3025,261,127
3026,377,379
3027,135,421
3028,243,443
3029,485,241
3030,401,475
3031,127,379
3032,391,281
3033,425,67
3034,343,317
3035,293,421
3036,467,319
3037,259,345
3038,453,103
3039,409,251
3040,149,389
3041,457,491
3042,361,355
3043,447,185
3044,427,393
3045,455,67
3046,341,487
3047,177,173
3048,439,163
3049,333,445
3050,137,93
3051,169,333
3052,105,493
3053,345,399
3054,99,159
3055,271,371
3056,101,325
3057,171,129
3058,77,315
3059,195,485
3060,141,389
3061,159,407
3062,493,319
3063,157,291
3064,435,119
3065,229,95
3066,307,127
3067,327,425
3068,103,337
3069,283,169
3070,441,181
3071,215,259
3072,321,337
3073,385,357
3074,63,483
3075,199,93
3076,349,129
3077,449,215
3078,367,277
3079,419,219
3080,423,207
3081,89,161
3082,87,211
3083,405,237
3084,65,473
3085,445,231
3086,265,195
3087,369,121
3088,109,227
3089,377,389
3090,355,97
3091,269,443
3092,203,437
3093,441,371
3094,401,213
3095,69,413
3096,289,293
3097,357,135
3098,131,389
3099,183,117
3100,405,353
3101,375,131
3102,415,175
3103,267,341
3104,209,439
3105,79,95
3106,93,77
3107,491,391
3108,83,71
3109,91,459
3110,299,339
3111,143,157
3112,377,301
3113,319,109
3114,95,319
3115,121,419
3116,271,155
3117,357,333
3118,83,153
3119,275,95
3120,315,169
3121,421,65
3122,71,481
3123,243,293
3124,487,319
3125,79,249
3126,227,127
3127,117,101
3128,193,75
3129,485,347
3130,179,467
3131,213,107
3132,135,111
3133,431,341
3134,309,179
3135,65,119
3136,75,389
3137,287,127
3138,457,221
3139,133,491
3140,439,111
3141,207,275
3142,171,103
3143,409,471
3144,427,65
3145,365,377
3146,315,447
3147,233,115
3148,141,459
3149,87,95
3150,265,499
3151,181,499
3152,255,179
3153,191,421
3154,389,353
3155,285,303
3156,299,359
3157,473,481
3158,291,305
3159,101,201
3160,101,387
3161,147,163
3162,209,145
3163,135,475
3164,321,363
3165,61,475
3166,253,479
3167,173,189
3168,75,371
3169,239,111
3170,125,449
3171,293,135
3172,69,489
3173,367,303
3174,111,197
3175,363,311
3176,363,273
3177,323,279
3178,355,99
3179,139,481
3180,321,325
3181,173,83
3182,229,315
3183,143,185
3184,125,353
3185,419,379
3186,367,243
3187,63,427
3188,123,209
3189,61,497
3190,165,471
3191,175,141
3192,487,355
3193,195,187
3194,419,343
3195,215,473
3196,71,375
3197,69,315
3198,267,395
3199,271,161
3200,425,333
3201,197,69
3202,453,465
3203,129,311
3204,285,443
3205,461,333
3206,281,447
3207,369,163
3208,413,63
3209,299,115
3210,345,99
3211,227,493
3212,107,347
3213,211,355
3214,411,219
3215,449,151
3216,71,173
3217,163,391
3218,385,347
3219,381,65
3220,79,345
3221,197,79
3222,91,391
3223,105,215
3224,141,291
3225,175,403
3226,111,379
3227,333,387
3228,159,135
3229,151,469
3230,337,63
3231,157,269
3232,467,395
3233,143,209
3234,255,181
3235,359,439
3236,243,99
3237,325,105
3238,377,273
3239,363,341
3240,195,475
3241,309,293
3242,77,139
3243,391,189
3244,479,189
3245,433,419
3246,265,209
3247,365,435
3248,431,375
3249,247,85
3250,311,85
3251,89,137
3252,417,295
3253,233,343
3254,117,283
3255,311,473
3256,223,65
3257,275,193
3258,167,369
3259,385,259
3260,253,315
3261,441,489
3262,201,271
3263,123,197
3264,169,163
3265,317,487
3266,419,427
3267,167,447
3268,295,437
3269,209,391
3270,171,133
3271,157,177
3272,263,155
3273,391,389
3274,447,411
3275,265,97
3276,361,373
3277,339,313
3278,165,375
3279,317,441
3280,175,279
3281,255,249
3282,371,339
3283,415,481
3284,345,163
3285,259,329
3286,61,77
3287,313,355
3288,295,65
3289,353,479
3290,155,225
3291,493,271
3292,139,279
3293,295,175
3294,109,357
3295,351,247
3296,295,277
3297,365,301
3298,143,413
3299,139,335
3300,105,161
3301,375,385
3302,169,163
3303,329,305
3304,83,137
3305,401,241
3306,63,151
3307,153,259
3308,459,421
3309,281,83
3310,451,307
3311,323,281
3312,223,335
3313,489,369
3314,325,115
3315,65,283
3316,251,325
3317,381,189
3318,373,159
3319,323,175
3320,283,103
3321,485,231
3322,143,459
3323,67,475
3324,417,285
3325,203,343
3326,119,273
3327,207,115
3328,135,243
3329,439,159
3330,289,239
3331,289,395
3332,177,335
3333,255,185
3334,81,179
3335,195,75
3336,97,121
3337,433,107
3338,183,77
3339,319,181
3340,389,105
3341,285,151
3342,185,155
3343,89,347
3344,133,305
3345,217,341
3346,483,279
3347,117,425
3348,75,369
3349,239,163
3350,345,451
3351,381,325
3352,127,131
3353,191,389
3354,207,413
3355,221,441
3356,425,427
3357,93,149
3358,389,353
3359,493,321
3360,367,289
3361,87,293
3362,375,99
3363,281,165
3364,107,201
3365,107,63
3366,213,303
3367,283,489
3368,219,323
3369,221,277
3370,307,375
3371,447,357
3372,261,161
3373,285,137
3374,151,331
3375,345,413
3376,457,271
3377,351,171
3378,99,479
3379,339,479
3380,369,377
3381,93,383
3382,417,105
3383,461,419
3384,181,317
3385,181,67
3386,481,311
3387,201,303
3388,73,367
3389,327,313
3390,315,361
3391,151,399
3392,243,393
3393,397,81
3394,217,115
3395,447,385
3396,285,251
3397,229,107
3398,377,121
3399,453,119
3400,277,383
3401,135,83
3402,295,103
3403,77,383
3404,301,375
3405,409,261
3406,61,277
3407,383,297
3408,339,127
3409,499,139
3410,227,165
3411,127,211
3412,469,319
3413,61,233
3414,415,147
3415,357,87
3416,427,467
3417,207,341
3418,361,223
3419,179,127
3420,483,427
3421,417,145
3422,153,419
3423,481,251
3424,279,145
3425,141,87
3426,321,291
3427,171,131
3428,127,207
3429,223,73
3430,363,85
3431,487,287
3432,277,225
3433,309,183
3434,161,135
3435,325,215
3436,341,287
3437,333,413
3438,439,203
3439,85,283
3440,67,177
3441,415,407
3442,287,141
3443,209,231
3444,397,267
3445,301,243
3446,87,101
3447,193,381
3448,61,271
3449,153,201
3450,101,75
3451,445,109
3452,213,277
3453,81,391
3454,101,67
3455,317,73
3456,359,95
3457,261,127
3458,63,461
3459,449,123
3460,341,269
3461,171,247
3462,357,263
3463,327,425
3464,141,363
3465,487,493
3466,271,255
3467,237,63
3468,453,97
3469,485,83
3470,425,141
3471,365,267
3472,385,359
3473,349,403
3474,201,481
3475,215,93
3476,225,475
3477,121,259
3478,313,327
3479,281,377
3480,379,329
3481,399,423
3482,489,283
3483,191,119
3484,489,261
3485,95,199
3486,197,299
3487,301,371
3488,219,63
3489,297,109
3490,83,341
3491,487,169
3492,297,219
3493,321,323
3494,415,117
3495,435,367
3496,341,449
3497,311,297
3498,401,333
3499,107,361
3500,233,407
3501,361,95
3502,183,93
3503,301,103
3504,437,253
3505,397,105
3506,127,285
3507,329,441
3508,299,175
3509,445,199
3510,277,245
3511,145,305
3512,435,317
3513,277,411
3514,75,131
3515,197,307
3516,143,193
3517,377,69
3518,173,123
3519,77,343
3520,137,117
3521,317,221
3522,119,335
3523,95,345
3524,341,367
3525,213,245
3526,149,497
3527,279,369
3528,465,215
3529,399,437
3530,413,313
3531,255,407
3532,83,269
3533,95,305
3534,427,323
3535,311,403
3536,487,341
3537,445,129
3538,301,493
3539,109,439
3540,467,477
3541,223,229
3542,281,497
3543,229,337
3544,395,333
3545,361,101
3546,207,317
3547,279,137
3548,479,95
3549,389,199
3550,303,73
3551,385,153
3552,487,471
3553,215,467
3554,445,91
3555,229,89
3556,315,469
3557,197,197
3558,253,87
3559,167,355
3560,191,273
3561,377,345
3562,179,81
3563,161,337
3564,443,95
3565,389,135
3566,445,63
3567,121,277
3568,339,375
3569,233,399
3570,407,183
3571,255,73
3572,387,333
3573,117,107
3574,319,113
3575,169,131
3576,277,163
3577,303,225
3578,327,141
3579,253,449
3580,241,491
3581,199,99
3582,345,245
3583,215,401
3584,351,495
3585,179,351
3586,213,421
3587,457,447
3588,225,257
3589,63,325
3590,105,475
3591,137,151
3592,339,175
3593,207,331
3594,77,271
3595,295,297
3596,287,415
3597,185,249
3598,247,333
3599,453,243
3600,115,65
3601,271,291
3602,271,373
3603,119,405
3604,311,437
3605,119,317
3606,253,455
3607,93,201
3608,223,495
3609,65,281
3610,87,359
3611,483,315
3612,487,323
3613,341,211
3614,89,317
3615,309,433
3616,395,119
3617,91,351
3618,253,345
3619,237,127
3620,185,479
3621,103,85
3622,319,133
3623,119,293
3624,371,371
3625,481,391
3626,263,229
3627,131,435
3628,87,383
3629,253,237
3630,289,419
3631,201,89
3632,367,451
3633,71,351
3634,487,493
3635,221,243
3636,151,205
3637,205,489
3638,97,495
3639,489,257
3640,495,393
3641,391,241
3642,363,119
3643,395,91
3644,243,137
3645,351,335
3646,97,401
3647,481,401
3648,163,215
3649,151,353
3650,435,433
3651,111,243
3652,497,275
3653,355,273
3654,119,421
3655,377,243
3656,317,193
3657,261,327
3658,285,329
3659,499,87
3660,147,229
3661,469,381
3662,323,93
3663,381,231
3664,379,481
3665,61,359
3666,441,351
3667,255,437
3668,271,257
3669,461,377
3670,207,205
3671,301,401
3672,127,151
3673,463,233
3674,129,241
3675,337,263
3676,405,349
3677,465,475
3678,291,271
3679,105,289
3680,323,465
3681,365,109
3682,275,313
3683,161,335
3684,81,173
3685,447,137
3686,265,131
3687,139,153
3688,263,181
3689,403,185
3690,469,325
3691,423,109
3692,173,403
3693,141,359
3694,289,115
3695,115,117
3696,67,295
3697,173,303
3698,113,465
3699,435,383
3700,183,401
3701,325,195
3702,367,145
3703,377,457
3704,439,395
3705,277,333
3706,437,135
3707,153,161
3708,127,187
3709,69,219
3710,125,269
3711,495,427
3712,259,387
3713,249,141
3714,407,167
3715,349,87
3716,235,121
3717,397,395
3718,447,99
3719,141,389
3720,311,441
3721,267,127
3722,99,469
3723,355,485
3724,217,171
3725,109,459
3726,265,405
3727,303,307
3728,493,159
3729,247,407
3730,195,101
3731,325,259
3732,463,231
3733,87,289
3734,265,443
3735,213,409
3736,311,373
3737,199,297
3738,237,309
3739,123,473
3740,195,65
3741,341,469
3742,149,215
3743,199,365
3744,159,309
3745,369,297
3746,185,171
3747,381,235
3748,425,461
3749,221,139
3750,245,329
3751,361,83
3752,167,349
3753,95,331
3754,403,491
3755,161,357
3756,367,77
3757,273,365
3758,183,371
3759,125,415
3760,229,95
3761,63,239
3762,313,331
3763,365,297
3764,355,261
3765,257,429
3766,405,221
3767,173,383
3768,67,135
3769,465,105
3770,293,239
3771,63,439
3772,83,419
3773,229,351
3774,195,331
3775,201,435
3776,419,81
3777,205,145
3778,107,355
3779,93,327
3780,495,115
3781,331,295
3782,467,309
3783,61,109
3784,165,315
3785,87,411
3786,203,159
3787,273,201
3788,125,149
3789,227,63
3790,307,145
3791,431,293
3792,357,341
3793,117,427
3794,169,493
3795,233,389
3796,463,439
3797,129,447
3798,321,369
3799,89,465
3800,377,491
3801,371,459
3802,355,171
3803,233,341
3804,195,277
3805,219,295
3806,181,113
3807,147,107
3808,253,95
3809,223,123
3810,81,147
3811,327,305
3812,391,191
3813,251,437
3814,171,267
3815,103,81
3816,81,385
3817,469,75
3818,309,409
3819,135,171
3820,461,469
3821,97,451
3822,319,415
3823,175,283
3824,233,167
3825,237,325
3826,427,293
3827,357,65
3828,199,491
3829,489,359
3830,461,367
3831,133,183
3832,447,357
3833,179,241
3834,103,107
3835,347,115
3836,485,429
3837,73,185
3838,115,113
3839,475,403
3840,143,173
3841,123,385
3842,457,425
3843,407,391
3844,461,299
3845,431,429
3846,373,461
3847,305,497
3848,317,249
3849,305,355
3850,373,209
3851,237,71
3852,327,435
3853,339,283
3854,207,437
3855,389,315
3856,399,449
3857,133,163
3858,465,425
3859,481,171
3860,235,221
3861,373,267
3862,77,237
3863,229,177
3864,397,287
3865,375,303
3866,361,143
3867,273,73
3868,225,485
3869,183,223
3870,207,135
3871,295,187
3872,461,461
3873,121,261
3874,263,307
3875,233,177
3876,315,465
3877,331,395
3878,481,419
3879,297,467
3880,497,229
3881,163,99
3882,155,65
3883,299,217
3884,205,335
3885,407,125
3886,445,331
3887,131,345
3888,267,453
3889,173,67
3890,211,385
3891,243,385
3892,217,209
3893,401,241
3894,483,145
3895,341,367
3896,143,381
3897,451,379
3898,419,183
3899,433,393
3900,165,219
3901,181,463
3902,105,369
3903,85,377
3904,321,201
3905,467,361
3906,99,371
3907,427,305
3908,229,497
3909,133,201
3910,71,89
3911,115,217
3912,99,495
3913,219,155
3914,285,409
3915,231,493
3916,321,333
3917,427,69
3918,293,155
3919,301,321
3920,175,141
3921,207,401
3922,287,267
3923,317,479
3924,419,243
3925,267,285
3926,425,325
3927,297,93
3928,483,473
3929,107,177
3930,413,227
3931,377,193
3932,377,257
3933,77,197
3934,373,319
3935,295,211
3936,307,89
3937,299,341
3938,375,227
3939,329,123
3940,169,99
3941,121,353
3942,97,491
3943,95,249
3944,85,345
3945,123,337
3946,433,401
3947,267,271
3948,231,497
3949,253,385
3950,239,71
3951,405,243
3952,253,333
3953,493,325
3954,263,203
3955,289,193
3956,175,151
3957,245,353
3958,145,237
3959,253,279
3960,99,231
3961,419,133
3962,331,73
3963,409,169
3964,447,163
3965,417,493
3966,131,191
3967,331,243
3968,271,125
3969,69,471
3970,277,89
3971,361,179
3972,259,345
3973,459,315
3974,117,437
3975,383,415
3976,109,147
3977,343,277
3978,383,247
3979,441,195
3980,167,251
3981,257,351
3982,417,433
3983,435,369
3984,367,479
3985,193,469
3986,123,293
3987,447,79
3988,71,65
3989,427,151
3990,415,267
3991,93,215
3992,77,325
3993,387,225
3994,419,241
3995,127,157
3996,323,123
3997,477,295
3998,325,499
3999,395,189
4000,401,439
4001,111,227
4002,85,197
4003,157,83
4004,167,319
4005,155,427
4006,333,451
4007,417,459
4008,157,247
4009,125,211
4010,367,237
4011,187,331
4012,443,423
4013,283,137
4014,483,241
4015,227,221
4016,475,177
4017,99,421
4018,441,93
4019,459,323
4020,291,239
4021,313,175
4022,63,447
4023,69,275
4024,315,435
4025,155,461
4026,449,235
4027,141,323
4028,65,97
4029,467,123
4030,305,287
4031,289,477
4032,295,439
4033,459,117
4034,405,199
4035,93,283
4036,329,409
4037,413,147
4038,155,165
4039,417,191
4040,69,499
4041,121,273
4042,291,469
4043,293,211
4044,155,453
4045,285,307
4046,243,147
4047,329,479
4048,373,375
4049,257,285
4050,175,433
4051,497,357
4052,347,275
4053,385,421
4054,169,111
4055,223,409
4056,319,331
4057,109,333
4058,157,161
4059,251,159
4060,201,121
4061,355,459
4062,283,405
4063,161,223
4064,307,291
4065,71,271
4066,391,91
4067,423,495
4068,447,405
4069,449,299
4070,195,223
4071,135,243
4072,233,401
4073,215,177
4074,195,83
4075,399,419
4076,99,105
4077,109,107
4078,385,299
4079,269,397
4080,257,169
4081,459,329
4082,253,327
4083,213,157
4084,141,171
4085,431,491
4086,313,263
4087,269,137
4088,125,223
4089,333,419
4090,105,311
4091,187,131
4092,121,269
4093,431,231
4094,143,199
4095,413,395
4096,309,257
4097,233,195
4098,453,469
4099,195,91
4100,89,79
4101,381,465
4102,279,209
4103,69,423
4104,265,377
4105,391,453
4106,149,337
4107,163,203
4108,287,183
4109,225,255
4110,467,287
4111,81,215
4112,187,97
4113,223,257
4114,367,155
4115,281,265
4116,281,307
4117,361,437
4118,219,309
4119,311,121
4120,203,421
4121,247,491
4122,145,75
4123,403,123
4124,225,441
4125,413,471
4126,313,357
4127,413,317
4128,107,421
4129,129,301
4130,419,369
4131,435,423
4132,257,355
4133,177,133
4134,353,433
4135,481,193
4136,75,327
4137,85,385
4138,83,463
4139,373,213
4140,333,109
4141,391,489
4142,293,435
4143,233,119
4144,285,401
4145,299,157
4146,355,399
4147,239,207
4148,235,95
4149,487,119
4150,297,153
4151,155,439
4152,487,227
4153,397,315
4154,229,349
4155,79,245
4156,127,413
4157,417,333
4158,461,133
4159,161,79
4160,441,231
4161,209,449
4162,193,349
4163,107,459
4164,493,181
4165,431,437
4166,331,321
4167,473,121
4168,149,251
4169,311,159
4170,125,481
4171,421,443
4172,359,221
4173,189,363
4174,241,125
4175,103,169
4176,103,179
4177,253,135
4178,381,419
4179,239,385
4180,459,119
4181,229,191
4182,463,295
4183,231,255
4184,169,91
4185,353,359
4186,85,393
4187,389,117
4188,375,197
4189,419,147
4190,411,323
4191,71,369
4192,353,423
4193,383,77
4194,347,431
4195,175,371
4196,417,229
4197,115,485
4198,141,157
4199,73,61
4200,275,261
4201,223,227
4202,283,451
4203,279,171
4204,381,315
4205,245,163
4206,473,73
4207,227,449
4208,299,247
4209,477,219
4210,135,85
4211,129,187
4212,229,497
4213,297,121
4214,393,163
4215,143,483
4216,485,391
4217,415,335
4218,497,443
4219,399,167
4220,303,115
4221,213,291
4222,281,251
4223,471,263
4224,125,133
4225,423,361
4226,421,429
4227,445,145
4228,65,463
4229,135,395
4230,447,313
4231,117,87
4232,427,413
4233,471,173
4234,441,249
4235,333,281
4236,145,215
4237,127,95
4238,455,493
4239,293,375
4240,381,493
4241,205,269
4242,73,77
4243,397,261
4244,355,405
4245,187,471
4246,301,97
4247,61,193
4248,401,443
4249,247,371
4250,165,251
4251,181,439
4252,453,333
4253,157,453
4254,343,231
4255,197,431
4256,373,239
4257,71,69
4258,111,121
4259,377,383
4260,77,251
4261,363,169
4262,467,221
4263,109,67
4264,401,79
4265,371,457
4266,267,461
4267,109,133
4268,423,337
4269,361,419
4270,101,257
4271,375,277
4272,209,483
4273,351,305
4274,327,381
4275,367,195
4276,113,251
4277,249,189
4278,167,473
4279,499,289
4280,205,229
4281,95,287
4282,385,279
4283,459,125
4284,63,189
4285,289,335
4286,155,305
4287,313,333
4288,113,145
4289,353,325
4290,179,227
4291,307,161
4292,375,205
4293,235,387
4294,227,301
4295,457,103
4296,429,385
4297,219,461
4298,293,129
4299,173,149
4300,345,173
4301,217,399
4302,435,201
4303,483,125
4304,147,81
4305,249,99
4306,241,139
4307,115,181
4308,75,159
4309,491,189
4310,429,119
4311,421,285
4312,165,141
4313,291,447
4314,199,389
4315,149,243
4316,259,329
4317,105,441
4318,467,133
4319,133,383
4320,129,447
4321,247,243
4322,461,131
4323,121,247
4324,361,341
4325,485,183
4326,289,389
4327,275,491
4328,177,217
4329,283,329
4330,173,205
4331,203,305
4332,337,177
4333,393,479
4334,161,83
4335,265,185
4336,473,285
4337,71,267
4338,237,403
4339,343,285
4340,297,453
4341,369,107
4342,215,449
4343,299,481
4344,307,231
4345,107,313
4346,267,141
4347,255,365
4348,79,387
4349,383,159
4350,139,491
4351,197,369
4352,227,365
4353,261,315
4354,265,457
4355,201,113
4356,151,421
4357,217,145
4358,173,393
4359,249,307
4360,397,135
4361,287,323
4362,197,161
4363,173,241
4364,137,231
4365,73,323
4366,497,417
4367,283,183
4368,413,361
4369,373,353
4370,365,73
4371,107,223
4372,163,363
4373,321,205
4374,205,439
4375,197,367
4376,257,287
4377,495,221
4378,199,131
4379,463,231
4380,253,421
4381,223,75
4382,435,247
4383,313,381
4384,257,247
4385,395,201
4386,113,315
4387,253,207
4388,245,409
4389,321,91
4390,329,357
4391,403,169
4392,83,69
4393,87,265
4394,215,285
4395,429,335
4396,175,443
4397,61,183
4398,95,199
4399,385,307
4400,285,193
4401,211,123
4402,439,187
4403,381,351
4404,389,351
4405,451,315
4406,65,303
4407,303,469
4408,425,317
4409,429,79
4410,113,183
4411,265,121
4412,125,253
4413,399,137
4414,295,345
4415,273,229
4416,119,415
4417,357,123
4418,203,233
4419,159,291
4420,313,225
4421,465,473
4422,79,205
4423,337,295
4424,93,225
4425,85,69
4426,379,121
4427,175,321
4428,209,165
4429,283,79
4430,329,175
4431,371,383
4432,169,295
4433,73,453
4434,421,101
4435,295,333
4436,487,471
4437,427,223
4438,259,267
4439,89,255
4440,217,225
4441,223,225
4442,93,265
4443,103,149
4444,311,111
4445,123,383
4446,143,487
4447,359,335
4448,279,499
4449,253,179
4450,317,259
4451,261,413
4452,339,495
4453,225,349
4454,429,381
4455,173,265
4456,349,71
4457,447,77
4458,409,261
4459,113,369
4460,123,209
4461,247,137
4462,71,241
4463,223,355
4464,191,171
4465,373,157
4466,97,155
4467,129,379
4468,353,453
4469,155,335
4470,285,313
4471,61,203
4472,73,471
4473,205,199
4474,325,87
4475,281,485
4476,113,83
4477,469,143
4478,435,215
4479,207,453
4480,291,335
4481,381,287
4482,117,455
4483,309,473
4484,201,347
4485,179,469
4486,109,323
4487,313,101
4488,199,117
4489,203,211
4490,309,475
4491,117,453
4492,435,271
4493,283,303
4494,383,183
4495,67,101
4496,193,365
4497,325,73
4498,249,375
4499,155,331
4500,283,273
4501,179,199
4502,465,89
4503,249,127
4504,429,219
4505,309,219
4506,435,385
4507,405,329
4508,267,301
4509,209,335
4510,321,173
4511,245,111
4512,417,441
4513,303,379
4514,423,377
4515,463,149
4516,423,163
4517,493,153
4518,447,165
4519,295,241
4520,173,401
4521,315,225
4522,231,447
4523,421,433
4524,447,361
4525,271,345
4526,207,145
4527,307,263
4528,355,293
4529,291,395
4530,197,299
4531,421,115
4532,393,411
4533,101,401
4534,107,319
4535,499,401
4536,131,467
4537,455,323
4538,229,183
4539,173,389
4540,107,471
4541,335,427
4542,481,257
4543,69,135
4544,301,187
4545,185,381
4546,205,457
4547,273,89
4548,109,287
4549,443,473
4550,415,301
4551,381,97
4552,235,295
4553,367,389
4554,309,301
4555,149,123
4556,177,279
4557,261,271
4558,211,467
4559,493,301
4560,369,163
4561,285,185
4562,261,305
4563,493,97
4564,143,415
4565,347,213
4566,255,123
4567,129,269
4568,353,137
4569,481,249
4570,195,161
4571,311,123
4572,247,411
4573,425,471
4574,471,439
4575,493,367
4576,323,77
4577,129,241
4578,129,279
4579,209,441
4580,215,469
4581,137,303
4582,61,357
4583,429,111
4584,487,319
4585,201,429
4586,371,319
4587,97,367
4588,189,373
4589,429,267
4590,243,203
4591,159,429
4592,279,199
4593,213,311
4594,253,233
4595,241,189
4596,401,175
4597,499,463
4598,389,369
4599,85,295
4600,213,135
4601,137,339
4602,453,297
4603,245,409
4604,149,271
4605,73,491
4606,379,193
4607,369,77
4608,441,459
4609,83,155
4610,105,79
4611,411,413
4612,415,487
4613,115,363
4614,349,185
4615,233,215
4616,223,413
4617,405,423
4618,279,357
4619,363,189
4620,345,389
4621,87,97
4622,113,69
4623,397,175
4624,427,73
4625,199,277
4626,67,295
4627,433,459
4628,423,105
4629,143,191
4630,113,489
4631,381,191
4632,181,205
4633,143,309
4634,195,277
4635,323,121
4636,339,131
4637,397,435
4638,435,309
4639,405,225
4640,321,375
4641,101,375
4642,273,149
4643,415,85
4644,61,145
4645,403,281
4646,373,201
4647,213,269
4648,429,215
4649,297,141
4650,345,343
4651,129,159
4652,205,361
4653,307,423
4654,109,225
4655,203,271
4656,147,479
4657,459,241
4658,421,483
4659,147,191
4660,217,461
4661,453,71
4662,317,295
4663,311,99
4664,349,421
4665,333,163
4666,133,399
4667,319,335
4668,69,157
4669,359,411
4670,263,353
4671,411,167
4672,391,285
4673,309,203
4674,281,135
4675,161,133
4676,291,263
4677,81,245
4678,157,253
4679,237,219
4680,431,403
4681,397,139
4682,225,491
4683,285,431
4684,379,485
4685,293,203
4686,407,479
4687,173,185
4688,221,205
4689,395,397
4690,375,375
4691,105,431
4692,283,379
4693,363,323
4694,63,61
4695,221,97
4696,483,219
4697,139,123
4698,437,191
4699,231,493
4700,363,171
4701,239,425
4702,395,439
4703,397,349
4704,293,157
4705,273,439
4706,159,349
4707,183,465
4708,109,255
4709,343,151
4710,317,71
4711,171,139
4712,121,429
4713,337,487
4714,415,495
4715,331,423
4716,189,139
4717,87,273
4718,215,293
4719,317,147
4720,213,111
4721,397,313
4722,255,331
4723,249,249
4724,159,207
4725,351,111
4726,473,193
4727,63,361
4728,311,181
4729,297,131
4730,335,183
4731,309,261
4732,457,81
4733,239,89
4734,165,145
4735,199,485
4736,161,73
4737,171,471
4738,145,271
4739,291,481
4740,281,123
4741,305,367
4742,475,219
4743,409,125
4744,169,425
4745,185,97
4746,79,265
4747,215,369
4748,289,371
4749,71,301
4750,331,409
4751,201,101
4752,365,103
4753,223,103
4754,453,223
4755,167,289
4756,323,321
4757,477,497
4758,391,419
4759,453,433
4760,245,279
4761,347,363
4762,63,411
4763,425,281
4764,141,187
4765,391,205
4766,149,333
4767,455,77
4768,387,421
4769,331,93
4770,411,353
4771,265,365
4772,171,233
4773,393,255
4774,493,269
4775,499,203
4776,395,495
4777,281,349
4778,303,81
4779,367,143
4780,289,193
4781,327,223
4782,139,119
4783,311,407
4784,111,79
4785,431,87
4786,419,161
4787,383,407
4788,435,443
4789,423,285
4790,189,63
4791,411,419
4792,283,101
4793,391,289
4794,239,127
4795,493,379
4796,393,343
4797,399,79
4798,61,271
4799,405,125
4800,223,225
4801,301,85
4802,485,321
4803,207,145
4804,121,83
4805,389,425
4806,339,333
4807,391,79
4808,181,115
4809,349,301
4810,215,163
4811,229,355
4812,473,357
4813,343,85
4814,315,69
4815,375,299
4816,491,371
4817,125,445
4818,277,187
4819,193,287
4820,361,141
4821,419,141
4822,139,329
4823,385,233
4824,317,61
4825,433,497
4826,461,465
4827,439,469
4828,159,293
4829,225,461
4830,223,257
4831,235,331
4832,289,211
4833,179,185
4834,443,185
4835,231,385
4836,497,173
4837,391,67
4838,67,103
4839,171,373
4840,291,153
4841,327,463
4842,95,381
4843,499,409
4844,267,351
4845,185,141
4846,297,277
4847,465,231
4848,465,87
4849,471,147
4850,425,489
4851,321,237
4852,319,409
4853,269,495
4854,387,325
4855,123,421
4856,159,275
4857,93,121
4858,161,419
4859,205,395
4860,269,407
4861,359,293
4862,427,311
4863,115,385
4864,349,363
4865,345,253
4866,191,261
4867,145,111
4868,489,341
4869,439,83
4870,381,97
4871,255,305
4872,493,277
4873,229,325
4874,115,407
4875,129,147
4876,277,497
4877,141,453
4878,189,265
4879,73,243
4880,301,169
4881,329,369
4882,315,227
4883,495,91
4884,75,439
4885,271,373
4886,457,399
4887,121,287
4888,151,433
4889,307,273
4890,273,385
4891,279,495
4892,321,61
4893,431,91
4894,137,237
4895,409,273
4896,279,427
4897,299,481
4898,105,401
4899,259,441
4900,87,357
4901,283,311
4902,135,357
4903,233,145
4904,329,147
4905,225,251
4906,413,387
4907,97,93
4908,163,391
4909,89,189
4910,439,465
4911,143,403
4912,77,147
4913,211,259
4914,237,121
4915,269,447
4916,177,363
4917,353,443
4918,93,141
4919,133,277
4920,331,231
4921,423,285
4922,113,331
4923,81,465
4924,281,331
4925,145,117
4926,359,147
4927,103,495
4928,199,111
4929,335,365
4930,189,487
4931,203,489
4932,451,259
4933,385,153
4934,175,357
4935,73,291
4936,217,209
4937,139,169
4938,423,145
4939,477,93
4940,165,385
4941,391,407
4942,195,345
4943,215,333
4944,321,135
4945,401,349
4946,261,481
4947,413,433
4948,437,477
4949,129,247
4950,447,449
4951,325,401
4952,423,187
4953,137,375
4954,437,87
4955,189,141
4956,455,85
4957,155,155
4958,383,471
4959,83,119
4960,473,169
4961,153,263
4962,329,343
4963,243,97
4964,235,227
4965,157,425
4966,171,379
4967,333,403
4968,245,371
4969,159,329
4970,485,425
4971,115,233
4972,79,403
4973,309,181
4974,79,123
4975,329,141
4976,325,85
4977,211,255
4978,205,259
4979,325,103
4980,297,121
4981,97,227
4982,203,289
4983,245,475
4984,217,477
4985,125,409
4986,225,417
4987,449,159
4988,389,83
4989,235,255
4990,233,395
4991,287,491
4992,459,141
4993,171,195
4994,265,263
4995,83,109
4996,121,481
4997,477,303
4998,201,473
4999,455,381
5000,115,419
5001,351,121
5002,305,283
5003,189,113
5004,357,211
5005,181,117
5006,451,371
5007,185,81
5008,153,229
5009,395,65
5010,237,445
5011,447,441
5012,239,161
5013,143,465
5014,143,75
5015,327,111
5016,385,107
5017,433,113
5018,179,347
5019,317,405
5020,249,127
5021,309,407
5022,397,69
5023,355,409
5024,123,91
5025,389,227
5026,191,89
5027,425,241
5028,413,151
5029,269,103
5030,137,133
5031,195,361
5032,111,167
5033,451,397
5034,239,117
5035,95,407
5036,325,105
5037,189,463
5038,413,383
5039,233,127
5040,345,411
5041,331,497
5042,71,145
5043,173,271
5044,127,355
5045,263,345
5046,383,381
5047,453,125
5048,285,95
5049,483,109
5050,83,389
5051,101,187
5052,173,403
5053,347,435
5054,291,195
5055,453,129
5056,91,417
5057,235,207
5058,463,135
5059,359,475
5060,383,137
5061,425,359
5062,247,355
5063,339,355
5064,469,465
5065,113,75
5066,477,155
5067,301,155
5068,71,67
5069,475,65
5070,89,133
5071,187,237
5072,361,403
5073,303,95
5074,439,457
5075,473,287
5076,495,321
5077,167,441
5078,283,437
5079,465,137
5080,211,123
5081,489,353
5082,255,407
5083,455,187
5084,321,283
5085,273,307
5086,347,367
5087,97,497
5088,499,447
5089,245,279
5090,379,449
5091,251,159
5092,267,233
5093,375,487
5094,419,489
5095,143,67
5096,361,281
5097,93,85
5098,245,183
5099,229,457
5100,345,259
5101,403,165
5102,75,215
5103,363,371
5104,377,93
5105,65,467
5106,179,419
5107,267,351
5108,81,63
5109,475,435
5110,323,143
5111,217,183
5112,111,483
5113,497,467
5114,183,101
5115,403,203
5116,91,83
5117,135,457
5118,159,219
5119,413,173
5120,171,395
5121,493,67
5122,179,435
5123,95,223
5124,63,443
5125,227,349
5126,325,195
5127,203,201
5128,225,261
5129,191,257
5130,113,373
5131,353,217
5132,153,317
5133,81,269
5134,251,321
5135,137,87
5136,81,315
5137,259,451
5138,353,287
5139,233,459
5140,259,469
5141,251,137
5142,463,99
5143,387,175
5144,69,321
5145,211,397
5146,231,113
5147,291,287
5148,85,313
5149,105,247
5150,107,431
5151,337,391
5152,141,479
5153,165,487
5154,257,471
5155,363,313
5156,479,225
5157,153,93
5158,431,319
5159,85,471
5160,265,175
5161,353,489
5162,449,395
5163,477,385
5164,449,119
5165,309,217
5166,235,299
5167,225,185
5168,195,457
5169,377,315
5170,61,193
5171,447,165
5172,247,389
5173,181,191
5174,473,133
5175,469,77
5176,357,481
5177,433,73
5178,181,419
5179,121,179
5180,331,447
5181,391,171
5182,391,399
5183,487,299
5184,315,131
5185,383,433
5186,245,441
5187,419,383
5188,419,381
5189,333,255
5190,213,393
5191,305,135
5192,445,451
5193,175,413
5194,277,245
5195,141,203
5196,339,473
5197,161,445
5198,471,179
5199,131,495
5200,185,219
5201,205,153
5202,155,277
5203,103,375
5204,285,289
5205,441,289
5206,469,333
5207,179,211
5208,393,205
5209,191,407
5210,205,221
5211,335,231
5212,207,127
5213,201,447
5214,455,349
5215,75,489
5216,311,173
5217,161,363
5218,281,395
5219,131,95
5220,253,129
5221,377,399
5222,367,85
5223,219,451
5224,479,399
5225,343,279
5226,307,187
5227,439,167
5228,279,269
5229,117,179
5230,115,445
5231,99,201
5232,113,337
5233,491,435
5234,83,309
5235,271,223
5236,61,347
5237,111,229
5238,309,389
5239,433,277
5240,355,101
5241,71,237
5242,169,203
5243,471,77
5244,349,159
5245,371,347
5246,149,101
5247,173,155
5248,157,403
5249,71,89
5250,257,233
5251,309,331
5252,109,165
5253,241,319
5254,369,189
5255,379,127
5256,183,87
5257,215,471
5258,105,341
5259,461,125
5260,85,377
5261,113,261
5262,117,287
5263,357,277
5264,163,437
5265,123,453
5266,153,131
5267,441,323
5268,431,259
5269,305,257
5270,75,329
5271,349,119
5272,281,187
5273,241,391
5274,401,163
5275,239,233
5276,399,209
5277,259,117
5278,63,305
5279,357,391
5280,423,477
5281,223,489
5282,129,241
5283,115,123
5284,201,247
5285,223,99
5286,93,453
5287,471,179
5288,245,317
5289,359,317
5290,279,147
5291,193,443
5292,435,207
5293,119,197
5294,209,153
5295,473,137
5296,277,251
5297,457,357
5298,247,329
5299,123,425
5300,171,385
5301,65,325
5302,251,235
5303,293,175
5304,119,211
5305,189,359
5306,177,217
5307,135,227
5308,307,435
5309,273,79
5310,315,337
5311,431,497
5312,465,111
5313,483,257
5314,107,401
5315,439,431
5316,301,69
5317,267,213
5318,473,249
5319,411,163
5320,327,339
5321,135,219
5322,265,161
5323,113,261
5324,75,123
5325,205,135
5326,261,315
5327,333,479
5328,143,303
5329,393,93
5330,183,457
5331,357,263
5332,465,401
5333,145,483
5334,79,179
5335,111,361
5336,283,467
5337,253,183
5338,271,307
5339,299,443
5340,87,397
5341,429,217
5342,197,445
5343,147,455
5344,179,453
5345,143,397
5346,487,131
5347,265,193
5348,273,471
5349,253,431
5350,69,375
5351,83,113
5352,61,77
5353,195,267
5354,281,191
5355,179,497
5356,383,469
5357,401,285
5358,413,415
5359,201,213
5360,483,185
5361,415,107
5362,231,237
5363,487,333
5364,429,451
5365,393,219
5366,71,465
5367,183,499
5368,201,345
5369,405,161
5370,311,467
5371,371,143
5372,353,493
5373,121,487
5374,99,381
5375,281,257
5376,161,319
5377,109,63
5378,223,105
5379,285,147
5380,323,245
5381,115,165
5382,127,319
5383,279,157
5384,409,493
5385,349,265
5386,177,107
5387,451,471
5388,65,455
5389,151,283
5390,385,433
5391,159,463
5392,97,329
5393,373,389
5394,439,79
5395,447,273
5396,111,353
5397,333,197
5398,363,87
5399,223,177
5400,459,467
5401,481,241
5402,421,79
5403,331,195
5404,87,471
5405,483,105
5406,433,419
5407,479,339
5408,61,329
5409,303,329
5410,65,259
5411,449,305
5412,337,243
5413,219,83
5414,415,177
5415,267,309
5416,399,359
5417,367,371
5418,385,177
5419,295,407
5420,63,203
5421,125,115
5422,259,333
5423,119,329
5424,355,293
5425,183,441
5426,307,233
5427,257,105
5428,269,131
5429,81,179
5430,377,307
5431,213,475
5432,187,479
5433,197,393
5434,487,463
5435,303,113
5436,261,143
5437,113,479
5438,339,131
5439,299,69
5440,137,411
5441,359,401
5442,273,203
5443,111,109
5444,277,323
5445,359,361
5446,159,105
5447,435,233
5448,293,285
5449,159,75
5450,325,411
5451,359,181
5452,75,371
5453,117,113
5454,415,227
5455,325,403
5456,171,315
5457,125,137
5458,159,77
5459,467,257
5460,113,409
5461,455,291
5462,117,455
5463,167,225
5464,467,381
5465,311,355
5466,165,139
5467,119,163
5468,341,237
5469,231,461
5470,383,163
5471,375,283
5472,263,463
5473,231,267
5474,301,183
5475,177,95
5476,97,127
5477,143,103
5478,137,213
5479,199,257
5480,221,131
5481,399,213
5482,473,301
5483,335,121
5484,415,315
5485,63,323
5486,489,233
5487,493,85
5488,69,441
5489,375,395
5490,283,157
5491,485,397
5492,301,463
5493,275,455
5494,153,205
5495,263,191
5496,151,141
5497,499,369
5498,223,151
5499,141,271
5500,103,335
5501,413,129
5502,277,249
5503,79,141
5504,279,491
5505,259,91
5506,293,107
5507,227,267
5508,395,249
5509,85,131
5510,155,175
5511,303,141
5512,395,443
5513,387,437
5514,161,491
5515,285,203
5516,359,119
5517,381,487
5518,367,445
5519,493,217
5520,353,303
5521,177,361
5522,371,81
5523,375,251
5524,97,455
5525,199,407
5526,129,199
5527,115,403
5528,281,337
5529,127,167
5530,403,389
5531,89,469
5532,499,343
5533,187,201
5534,307,425
5535,403,253
5536,285,489
5537,197,165
5538,393,181
5539,457,67
5540,247,97
5541,65,477
5542,285,459
5543,351,143
5544,103,77
5545,345,157
5546,397,311
5547,377,157
5548,107,201
5549,179,177
5550,441,469
5551,413,177
5552,347,89
5553,339,429
5554,375,127
5555,169,325
5556,239,409
5557,305,461
5558,77,341
5559,407,169
5560,497,117
5561,351,213
5562,279,467
5563,79,387
5564,141,183
5565,87,251
5566,151,75
5567,105,215
5568,347,143
5569,439,269
5570,131,239
5571,461,407
5572,275,131
5573,497,409
5574,113,453
5575,83,127
5576,293,69
5577,101,79
5578,193,483
5579,401,465
5580,243,229
5581,149,99
5582,381,289
5583,447,173
5584,487,423
5585,491,319
5586,113,71
5587,427,405
5588,143,371
5589,333,109
5590,435,169
5591,179,281
5592,359,251
5593,449,493
5594,339,381
5595,99,163
5596,109,385
5597,91,445
5598,449,255
5599,459,229
5600,429,223
5601,191,183
5602,289,121
5603,227,83
5604,297,231
5605,211,149
5606,363,101
5607,259,385
5608,61,225
5609,447,337
5610,91,293
5611,319,399
5612,407,385
5613,245,221
5614,157,469
5615,345,155
5616,239,425
5617,69,401
5618,131,115
5619,403,209
5620,297,421
5621,443,223
5622,415,215
5623,449,463
5624,283,469
5625,93,101
5626,111,71
5627,343,249
5628,365,161
5629,363,339
5630,83,245
5631,473,243
5632,469,397
5633,215,195
5634,61,83
5635,237,437
5636,371,473
5637,121,395
5638,305,351
5639,151,125
5640,427,83
5641,123,429
5642,305,65
5643,331,439
5644,411,141
5645,465,335
5646,261,139
5647,295,417
5648,61,421
5649,137,103
5650,179,349
5651,361,387
5652,103,281
5653,273,361
5654,79,217
5655,253,117
5656,207,153
5657,465,339
5658,141,437
5659,355,101
5660,367,153
5661,337,141
5662,187,433
5663,253,283
5664,397,345
5665,269,387
5666,177,161
5667,163,363
5668,299,125
5669,231,275
5670,411,417
5671,497,113
5672,465,197
5673,271,273
5674,363,293
5675,65,129
5676,271,109
5677,443,81
5678,81,209
5679,465,93
5680,339,447
5681,83,303
5682,339,475
5683,173,307
5684,127,381
5685,159,113
5686,485,137
5687,209,383
5688,149,311
5689,469,481
5690,105,127
5691,379,95
5692,339,337
5693,61,483
5694,425,433
5695,247,119
5696,183,267
5697,279,377
5698,193,107
5699,475,155
5700,437,245
5701,69,297
5702,239,267
5703,305,381
5704,131,473
5705,495,359
5706,301,287
5707,143,141
5708,257,481
5709,301,499
5710,317,77
5711,317,283
5712,463,247
5713,345,395
5714,479,299
5715,163,423
5716,443,433
5717,335,141
5718,131,445
5719,415,415
5720,125,189
5721,261,251
5722,423,455
5723,133,265
5724,155,187
5725,487,331
5726,475,281
5727,241,113
5728,65,233
5729,281,151
5730,65,231
5731,479,291
5732,389,281
5733,397,285
5734,441,109
5735,255,403
5736,433,225
5737,445,103
5738,353,347
5739,395,101
5740,181,415
5741,357,425
5742,479,95
5743,229,449
5744,377,391
5745,443,149
5746,247,133
5747,457,109
5748,267,393
5749,87,367
5750,145,417
5751,433,279
5752,483,413
5753,471,471
5754,359,161
5755,199,377
5756,289,409
5757,287,293
5758,245,349
5759,125,233
5760,485,151
5761,311,343
5762,213,167
5763,151,149
5764,93,491
5765,493,391
5766,317,377
5767,387,121
5768,185,105
5769,229,109
5770,229,137
5771,357,471
5772,329,279
5773,131,443
5774,243,95
5775,309,473
5776,249,303
5777,263,181
5778,95,213
5779,77,409
5780,433,315
5781,401,101
5782,393,411
5783,331,401
5784,321,177
5785,289,413
5786,497,101
5787,407,453
5788,99,499
5789,325,385
5790,93,237
5791,255,253
5792,175,395
5793,155,357
5794,163,133
5795,201,287
5796,407,453
5797,85,493
5798,261,453
5799,407,371
5800,275,83
5801,269,149
5802,119,153
5803,107,303
5804,157,361
5805,449,419
5806,485,247
5807,475,327
5808,365,163
5809,219,113
5810,499,375
5811,323,195
5812,405,485
5813,497,203
5814,265,103
5815,65,183
5816,429,247
5817,67,383
5818,147,255
5819,377,335
5820,407,229
5821,279,197
5822,67,161
5823,111,223
5824,317,191
5825,99,111
5826,457,161
5827,317,397
5828,187,95
5829,255,333
5830,117,247
5831,311,259
5832,319,63
5833,389,307
5834,449,117
5835,281,65
5836,307,353
5837,187,265
5838,477,297
5839,173,349
5840,405,469
5841,249,347
5842,245,127
5843,247,217
5844,451,171
5845,485,333
5846,301,257
5847,451,287
5848,101,69
5849,327,275
5850,295,115
5851,171,279
5852,109,399
5853,395,433
5854,235,271
5855,141,333
5856,189,479
5857,179,409
5858,347,439
5859,243,393
5860,205,457
5861,195,389
5862,377,83
5863,447,295
5864,351,253
5865,399,121
5866,459,251
5867,421,463
5868,275,327
5869,239,419
5870,249,173
5871,263,461
5872,135,409
5873,371,75
5874,181,425
5875,333,303
5876,471,329
5877,237,307
5878,65,251
5879,325,391
5880,403,247
5881,439,141
5882,231,435
5883,163,247
5884,167,413
5885,109,283
5886,209,187
5887,347,93
5888,453,223
5889,207,445
5890,103,449
5891,61,339
5892,499,405
5893,367,489
5894,327,313
5895,197,121
5896,495,233
5897,219,247
5898,403,347
5899,475,421
5900,453,431
5901,255,357
5902,297,349
5903,301,219
5904,435,469
5905,273,111
5906,327,185
5907,215,145
5908,377,289
5909,399,383
5910,317,409
5911,473,333
5912,455,433
5913,395,309
5914,481,343
5915,201,369
5916,387,445
5917,455,325
5918,123,451
5919,389,131
5920,235,267
5921,361,119
5922,265,261
5923,335,109
5924,339,273
5925,99,327
5926,147,463
5927,213,185
5928,317,357
5929,151,373
5930,205,241
5931,197,303
5932,131,327
5933,351,129
5934,317,465
5935,449,117
5936,297,147
5937,335,189
5938,441,339
5939,381,77
5940,395,243
5941,127,135
5942,443,361
5943,299,353
5944,409,453
5945,81,493
5946,279,467
5947,445,155
5948,181,473
5949,325,227
5950,99,459
5951,327,113
5952,401,447
5953,471,319
5954,257,495
5955,469,97
5956,179,281
5957,91,75
5958,167,497
5959,463,401
5960,235,397
5961,429,87
5962,491,281
5963,219,85
5964,417,363
5965,313,437
5966,325,413
5967,85,117
5968,135,467
5969,95,241
5970,285,331
5971,343,141
5972,135,335
5973,89,113
5974,113,265
5975,81,165
5976,141,373
5977,473,375
5978,375,443
5979,297,489
5980,215,327
5981,475,201
5982,249,249
5983,157,137
5984,243,377
5985,401,71
5986,319,349
5987,267,371
5988,109,471
5989,353,237
5990,329,147
5991,493,453
5992,115,109
5993,497,389
5994,171,141
5995,123,65
5996,285,273
5997,91,471
5998,415,181
5999,377,197
6000,181,425
6001,101,267
6002,153,399
6003,261,277
6004,259,397
6005,387,131
6006,273,381
6007,167,435
6008,423,241
6009,209,399
6010,313,111
6011,419,341
6012,251,349
6013,441,405
6014,455,143
6015,167,315
6016,253,471
6017,407,263
6018,241,367
6019,81,139
6020,211,333
6021,343,411
6022,385,161
6023,449,209
6024,219,155
6025,355,167
6026,333,107
6027,359,433
6028,171,267
6029,327,107
6030,207,315
6031,165,299
6032,229,255
6033,209,273
6034,177,443
6035,165,485
6036,311,417
6037,277,411
6038,219,465
6039,69,153
6040,379,423
6041,197,441
6042,133,361
6043,335,101
6044,215,119
6045,111,219
6046,129,323
6047,141,235
6048,193,209
6049,93,403
6050,395,461
6051,395,223
6052,205,295
6053,271,169
6054,169,289
6055,83,279
6056,335,203
6057,271,205
6058,69,405
6059,479,163
6060,391,73
6061,91,273
6062,477,123
6063,247,477
6064,389,133
6065,69,311
6066,447,323
6067,231,393
6068,455,361
6069,107,263
6070,77,335
6071,427,335
6072,129,139
6073,195,121
6074,243,393
6075,279,65
6076,113,103
6077,389,191
6078,159,375
6079,265,393
6080,471,467
6081,239,187
6082,327,137
6083,195,255
6084,147,397
6085,227,339
6086,363,321
6087,223,107
6088,263,155
6089,299,161
6090,495,133
6091,77,105
6092,481,173
6093,419,135
6094,483,107
6095,259,285
6096,255,129
6097,447,121
6098,287,335
6099,237,485
6100,423,137
6101,257,163
6102,255,107
6103,319,439
6104,199,283
6105,259,499
6106,433,265
6107,335,311
6108,223,157
6109,91,87
6110,97,343
6111,87,217
6112,233,95
6113,453,433
6114,245,267
6115,323,217
6116,257,463
6117,455,347
6118,411,421
6119,363,397
6120,355,169
6121,383,207
6122,271,499
6123,393,139
6124,399,135
6125,169,179
6126,147,121
6127,131,233
6128,491,235
6129,123,97
6130,153,231
6131,455,453
6132,115,263
6133,141,331
6134,495,109
6135,321,145
6136,311,381
6137,445,315
6138,73,189
6139,355,149
6140,429,467
6141,423,147
6142,267,371
6143,373,421
6144,133,481
6145,151,265
6146,103,229
6147,495,385
6148,311,83
6149,91,389
6150,91,413
6151,495,197
6152,135,153
6153,241,253
6154,427,163
6155,389,249
6156,195,139
6157,459,271
6158,469,297
6159,157,75
6160,309,217
6161,223,279
6162,309,159
6163,353,471
6164,273,441
6165,307,91
6166,367,317
6167,151,445
6168,83,399
6169,405,363
6170,287,69
6171,255,395
6172,85,305
6173,499,337
6174,317,273
6175,469,217
6176,429,489
6177,295,343
6178,149,499
6179,373,203
6180,423,101
6181,325,377
6182,459,283
6183,387,113
6184,107,321
6185,403,495
6186,245,223
6187,297,193
6188,429,317
6189,281,223
6190,325,385
6191,209,347
6192,81,147
6193,245,359
6194,219,447
6195,173,329
6196,233,219
6197,425,331
6198,261,125
6199,267,459
6200,307,473
6201,381,467
6202,435,151
6203,395,83
6204,99,415
6205,203,145
6206,225,359
6207,213,467
6208,477,161
6209,103,277
6210,397,451
6211,457,189
6212,229,455
6213,323,105
6214,381,357
6215,93,71
6216,115,333
6217,331,375
6218,311,331
6219,157,159
6220,303,485
6221,419,69
6222,415,443
6223,329,399
6224,125,323
6225,423,427
6226,465,483
6227,151,465
6228,175,165
6229,205,375
6230,349,427
6231,101,345
6232,455,299
6233,479,437
6234,177,291
6235,229,337
6236,261,181
6237,315,107
6238,465,465
6239,81,173
6240,177,441
6241,227,469
6242,147,191
6243,259,225
6244,105,255
6245,249,369
6246,231,211
6247,67,421
6248,241,83
6249,367,219
6250,81,423
6251,119,231
6252,99,189
6253,261,429
6254,471,421
6255,225,245
6256,213,161
6257,327,85
6258,79,439
6259,141,173
6260,113,179
6261,153,185
6262,249,261
6263,123,105
6264,251,259
6265,99,255
6266,331,221
6267,457,87
6268,255,293
6269,325,73
6270,439,205
6271,467,283
6272,345,153
6273,155,371
6274,491,65
6275,207,295
6276,339,403
6277,385,119
6278,119,81
6279,357,399
6280,419,91
6281,227,115
6282,277,201
6283,81,401
6284,281,307
6285,493,249
6286,387,267
6287,307,295
6288,143,407
6289,157,255
6290,223,113
6291,221,373
6292,195,141
6293,315,493
6294,193,63
6295,267,205
6296,429,189
6297,279,163
6298,267,443
6299,91,451
6300,269,183
6301,341,227
6302,137,341
6303,383,447
6304,477,405
6305,487,359
6306,199,421
6307,465,165
6308,75,353
6309,311,393
6310,147,131
6311,441,273
6312,205,427
6313,275,485
6314,297,329
6315,201,467
6316,195,133
6317,255,261
6318,119,353
6319,367,243
6320,305,181
6321,289,351
6322,69,457
6323,419,299
6324,319,319
6325,103,365
6326,373,479
6327,243,97
6328,219,331
6329,113,167
6330,189,67
6331,205,331
6332,485,397
6333,139,499
6334,375,481
6335,383,143
6336,335,113
6337,333,107
6338,205,75
6339,363,493
6340,401,219
6341,429,405
6342,341,295
6343,275,345
6344,445,255
6345,459,367
6346,367,331
6347,119,255
6348,153,175
6349,139,287
6350,183,197
6351,417,397
6352,385,285
6353,435,255
6354,79,339
6355,323,169
6356,271,91
6357,187,381
6358,103,203
6359,273,261
6360,199,189
6361,227,461
6362,215,401
6363,229,307
6364,479,455
6365,241,449
6366,235,337
6367,271,181
6368,127,215
6369,153,259
6370,461,253
6371,113,269
6372,225,109
6373,141,79
6374,429,289
6375,161,257
6376,333,345
6377,437,209
6378,437,81
6379,67,461
6380,289,487
6381,177,181
6382,337,295
6383,249,127
6384,69,463
6385,151,191
6386,343,445
6387,429,183
6388,205,121
6389,199,135
6390,71,403
6391,321,173
6392,125,489
6393,227,319
6394,67,299
6395,445,119
6396,437,229
6397,277,117
6398,469,85
6399,107,435
6400,177,487
6401,171,311
6402,289,321
6403,399,431
6404,389,235
6405,133,163
6406,385,113
6407,131,137
6408,407,395
6409,137,465
6410,171,403
6411,141,383
6412,307,419
6413,85,459
6414,237,111
6415,345,113
6416,367,315
6417,369,199
6418,237,337
6419,283,269
6420,419,77
6421,257,169
6422,223,165
6423,335,265
6424,453,467
6425,213,125
6426,263,463
6427,393,105
6428,265,71
6429,155,461
6430,399,375
6431,179,495
6432,479,69
6433,343,127
6434,145,375
6435,357,155
6436,351,467
6437,457,485
6438,251,273
6439,353,211
6440,441,191
6441,109,61
6442,197,301
6443,315,421
6444,153,291
6445,171,115
6446,211,161
6447,77,117
6448,75,491
6449,161,393
6450,349,63
6451,379,119
6452,363,275
6453,443,239
6454,363,83
6455,413,479
6456,73,75
6457,471,447
6458,477,71
6459,461,81
6460,383,449
6461,69,119
6462,217,121
6463,409,489
6464,129,75
6465,433,163
6466,305,225
6467,157,343
6468,427,329
6469,477,159
6470,323,139
6471,357,141
6472,239,109
6473,273,489
6474,451,499
6475,193,489
6476,375,347
6477,379,267
6478,109,399
6479,431,395
6480,321,493
6481,73,127
6482,421,435
6483,117,439
6484,489,225
6485,363,265
6486,275,349
6487,467,461
6488,131,91
6489,103,209
6490,95,233
6491,133,445
6492,345,219
6493,215,67
6494,347,437
6495,467,263
6496,497,187
6497,297,437
6498,85,93
6499,477,347
6500,257,305
6501,431,207
6502,445,441
6503,109,171
6504,387,379
6505,391,123
6506,329,179
6507,343,107
6508,223,467
6509,379,307
6510,169,363
6511,377,401
6512,93,463
6513,287,153
6514,325,399
6515,253,113
6516,471,177
6517,85,67
6518,493,143
6519,347,253
6520,375,301
6521,303,313
6522,383,223
6523,147,121
6524,453,475
6525,397,383
6526,135,405
6527,485,227
6528,71,179
6529,449,221
6530,199,257
6531,187,451
6532,203,497
6533,331,263
6534,303,283
6535,479,105
6536,101,283
6537,445,391
6538,103,405
6539,111,273
6540,209,421
6541,263,227
6542,433,99
6543,357,189
6544,303,207
6545,213,195
6546,363,371
6547,303,435
6548,151,231
6549,349,323
6550,109,247
6551,311,319
6552,349,315
6553,231,219
6554,69,355
6555,313,213
6556,213,127
6557,361,361
6558,273,429
6559,327,265
6560,337,341
6561,441,471
6562,423,147
6563,145,269
6564,493,481
6565,111,393
6566,203,109
6567,69,477
6568,427,83
6569,411,457
6570,407,237
6571,401,431
6572,179,85
6573,265,231
6574,121,243
6575,387,117
6576,429,483
6577,151,307
6578,251,453
6579,163,483
6580,425,277
6581,491,239
6582,233,471
6583,433,453
6584,115,243
6585,129,205
6586,121,65
6587,367,383
6588,223,89
6589,207,421
6590,317,169
6591,369,141
6592,121,179
6593,71,157
6594,91,161
6595,231,495
6596,77,147
6597,463,153
6598,177,491
6599,439,393
6600,77,235
6601,413,71
6602,145,437
6603,281,467
6604,271,261
6605,429,451
6606,401,493
6607,139,257
6608,347,161
6609,297,63
6610,285,345
6611,119,267
6612,399,399
6613,179,417
6614,277,411
6615,109,471
6616,373,265
6617,87,369
6618,153,213
6619,129,381
6620,315,429
6621,469,213
6622,427,95
6623,89,415
6624,125,119
6625,325,497
6626,251,263
6627,199,133
6628,389,393
6629,197,429
6630,481,207
6631,155,299
6632,397,451
6633,303,347
6634,65,107
6635,145,333
6636,195,185
6637,141,323
6638,95,229
6639,491,465
6640,71,441
6641,195,415
6642,327,119
6643,225,251
6644,185,227
6645,285,371
6646,403,399
6647,157,185
6648,107,95
6649,459,461
6650,487,165
6651,401,357
6652,399,447
6653,383,237
6654,251,171
6655,197,173
6656,481,299
6657,443,393
6658,127,201
6659,461,233
6660,245,407
6661,211,85
6662,85,491
6663,89,483
6664,155,399
6665,323,295
6666,227,91
6667,243,433
6668,459,117
6669,383,261
6670,349,307
6671,159,437
6672,107,79
6673,89,87
6674,475,477
6675,77,135
6676,337,473
6677,149,193
6678,219,85
6679,67,131
6680,393,133
6681,69,327
6682,283,427
6683,389,63
6684,321,199
6685,217,483
6686,243,79
6687,375,421
6688,95,77
6689,445,315
6690,103,445
6691,145,457
6692,271,165
6693,63,197
6694,235,199
6695,437,85
6696,459,149
6697,297,351
6698,291,403
6699,437,209
6700,177,291
6701,351,149
6702,273,393
6703,225,221
6704,247,183
6705,145,419
6706,73,117
6707,177,201
6708,95,151
6709,443,271
6710,223,263
6711,329,247
6712,341,493
6713,445,261
6714,401,395
6715,329,263
6716,219,283
6717,71,361
6718,393,219
6719,485,327
6720,237,491
6721,339,347
6722,115,179
6723,239,69
6724,357,93
6725,93,207
6726,499,375
6727,257,223
6728,161,155
6729,207,211
6730,241,161
6731,151,255
6732,477,445
6733,479,297
6734,349,263
6735,111,201
6736,249,471
6737,119,173
6738,259,125
6739,189,191
6740,455,99
6741,93,399
6742,433,293
6743,485,419
6744,485,71
6745,331,343
6746,337,469
6747,97,351
6748,461,409
6749,479,357
6750,163,319
6751,305,457
6752,463,235
6753,173,111
6754,207,261
6755,437,259
6756,387,477
6757,499,145
6758,367,169
6759,431,243
6760,475,357
6761,91,61
6762,449,227
6763,75,473
6764,261,145
6765,441,371
6766,181,105
6767,221,399
6768,413,221
6769,109,341
6770,81,461
6771,299,285
6772,337,463
6773,189,293
6774,251,475
6775,345,491
6776,217,73
6777,139,429
6778,111,169
6779,109,375
6780,209,393
6781,377,219
6782,461,249
6783,237,473
6784,245,405
6785,197,67
6786,81,479
6787,195,65
6788,421,443
6789,275,323
6790,261,99
6791,135,399
6792,165,423
6793,311,453
6794,373,495
6795,65,159
6796,349,477
6797,373,337
6798,351,305
6799,191,251
6800,325,173
6801,283,375
6802,257,497
6803,151,281
6804,301,499
6805,117,469
6806,261,485
6807,105,355
6808,209,247
6809,379,413
6810,129,247
6811,327,81
6812,467,423
6813,289,357
6814,247,499
6815,413,251
6816,65,359
6817,177,113
6818,131,125
6819,341,391
6820,285,459
6821,491,67
6822,175,229
6823,327,495
6824,499,379
6825,199,307
6826,405,147
6827,197,83
6828,349,451
6829,471,401
6830,489,499
6831,275,307
6832,367,175
6833,383,433
6834,83,245
6835,297,213
6836,395,459
6837,157,385
6838,259,351
6839,431,185
6840,413,183
6841,167,277
6842,311,139
6843,339,253
6844,245,67
6845,441,463
6846,435,287
6847,233,149
6848,221,463
6849,183,209
6850,79,271
6851,367,265
6852,135,279
6853,413,441
6854,495,475
6855,151,401
6856,193,205
6857,171,111
6858,455,127
6859,69,151
6860,461,81
6861,343,493
6862,241,473
6863,135,103
6864,249,241
6865,465,117
6866,191,449
6867,223,89
6868,419,491
6869,337,205
6870,377,461
6871,189,477
6872,151,301
6873,313,73
6874,417,325
6875,275,173
6876,97,99
6877,241,393
6878,449,477
6879,301,489
6880,211,101
6881,253,387
6882,103,331
6883,79,347
6884,225,113
6885,275,383
6886,479,173
6887,165,251
6888,153,361
6889,151,389
6890,275,369
6891,239,451
6892,295,357
6893,99,387
6894,317,323
6895,363,425
6896,373,73
6897,179,227
6898,215,193
6899,319,169
6900,185,427
6901,415,445
6902,477,493
6903,355,443
6904,175,373
6905,293,431
6906,473,435
6907,113,223
6908,153,145
6909,91,365
6910,449,97
6911,175,213
6912,197,471
6913,163,113
6914,141,181
6915,213,403
6916,335,369
6917,489,269
6918,137,149
6919,469,71
6920,259,107
6921,429,409
6922,189,139
6923,419,209
6924,471,475
6925,263,329
6926,415,91
6927,337,317
6928,195,389
6929,95,197
6930,457,167
6931,107,437
6932,297,373
6933,413,493
6934,219,343
6935,131,379
6936,459,429
6937,465,323
6938,453,239
6939,79,215
6940,173,89
6941,299,439
6942,63,175
6943,63,125
6944,425,453
6945,421,91
6946,371,221
6947,311,177
6948,497,135
6949,417,303
6950,269,337
6951,297,303
6952,229,117
6953,169,465
6954,75,467
6955,109,267
6956,205,301
6957,411,309
6958,365,391
6959,391,153
6960,157,81
6961,227,189
6962,293,201
6963,485,327
6964,267,447
6965,311,447
6966,337,165
6967,251,155
6968,197,353
6969,125,307
6970,165,273
6971,101,389
6972,447,187
6973,233,91
6974,475,469
6975,281,215
6976,379,169
6977,485,443
6978,449,253
6979,315,213
6980,277,431
6981,297,499
6982,85,371
6983,307,269
6984,289,339
6985,195,177
6986,349,355
6987,67,281
6988,211,63
6989,413,63
6990,225,225
6991,447,283
6992,81,187
6993,79,243
6994,357,139
6995,407,269
6996,103,121
6997,317,471
6998,81,125
6999,73,167
7000,193,289
7001,477,161
7002,315,83
7003,445,339
7004,239,279
7005,351,339
7006,233,283
7007,353,233
7008,443,451
7009,129,253
7010,77,193
7011,431,469
7012,291,429
7013,447,415
7014,493,257
7015,245,271
7016,221,415
7017,477,345
7018,493,455
7019,287,225
7020,399,387
7021,419,173
7022,143,287
7023,119,159
7024,343,69
7025,427,301
7026,463,99
7027,195,197
7028,91,293
7029,365,81
7030,451,213
7031,433,425
7032,251,279
7033,143,487
7034,189,381
7035,185,73
7036,427,237
7037,119,169
7038,377,179
7039,483,433
7040,435,93
7041,291,465
7042,373,95
7043,479,369
7044,231,479
7045,247,107
7046,365,185
7047,273,463
7048,229,401
7049,113,409
7050,457,337
7051,393,319
7052,139,221
7053,117,247
7054,389,425
7055,277,125
7056,127,69
7057,145,117
7058,219,169
7059,137,73
7060,359,163
7061,299,83
7062,137,393
7063,429,63
7064,131,309
7065,241,161
7066,243,423
7067,173,337
7068,241,149
7069,453,465
7070,203,307
7071,245,213
7072,163,223
7073,331,473
7074,487,73
7075,257,147
7076,479,321
7077,395,429
7078,489,411
7079,233,433
7080,293,169
7081,401,137
7082,221,261
7083,425,471
7084,295,305
7085,351,129
7086,333,67
7087,459,87
7088,381,63
7089,479,81
7090,295,345
7091,111,235
7092,81,263
7093,369,335
7094,63,311
7095,465,227
7096,77,465
7097,201,433
7098,113,213
7099,255,85
7100,345,147
7101,499,141
7102,343,459
7103,463,429
7104,381,227
7105,337,195
7106,139,285
7107,427,469
7108,223,143
7109,457,303
7110,77,123
7111,415,293
7112,425,129
7113,455,111
7114,103,323
7115,355,491
7116,185,215
7117,397,95
7118,259,207
7119,493,265
7120,245,225
7121,189,69
7122,277,265
7123,397,281
7124,249,321
7125,391,441
7126,401,139
7127,427,297
7128,263,339
7129,283,203
7130,217,313
7131,493,391
7132,279,173
7133,489,171
7134,461,241
7135,371,195
7136,161,389
7137,77,281
7138,165,187
7139,479,109
7140,321,97
7141,187,123
7142,349,363
7143,469,437
7144,477,383
7145,305,97
7146,455,381
7147,343,377
7148,475,303
7149,229,229
7150,499,427
7151,259,477
7152,401,185
7153,65,89
7154,409,103
7155,97,309
7156,215,189
7157,323,233
7158,137,463
7159,323,417
7160,463,371
7161,381,227
7162,87,475
7163,317,431
7164,421,375
7165,305,469
7166,255,265
7167,313,433
7168,151,257
7169,459,219
7170,167,179
7171,241,81
7172,335,109
7173,253,101
7174,431,319
7175,471,261
7176,323,169
7177,97,477
7178,123,235
7179,143,153
7180,245,101
7181,369,187
7182,481,67
7183,491,409
7184,403,299
7185,329,213
7186,153,85
7187,461,455
7188,217,341
7189,447,245
7190,321,61
7191,181,229
7192,105,137
7193,319,365
7194,423,95
7195,99,91
7196,181,177
7197,331,393
7198,69,125
7199,185,135
7200,321,469
7201,473,229
7202,211,191
7203,119,293
7204,295,357
7205,157,353
7206,241,401
7207,283,463
7208,337,251
7209,323,477
7210,493,235
7211,183,475
7212,143,459
7213,289,403
7214,251,349
7215,493,497
7216,367,413
7217,493,67
7218,135,211
7219,227,499
7220,489,109
7221,423,405
7222,133,307
7223,299,291
7224,267,191
7225,327,195
7226,363,277
7227,305,81
7228,305,379
7229,203,303
7230,431,359
7231,425,325
7232,123,151
7233,465,315
7234,333,79
7235,469,325
7236,105,457
7237,401,69
7238,205,95
7239,429,421
7240,465,143
7241,323,291
7242,193,217
7243,133,347
7244,95,239
7245,421,101
7246,349,437
7247,99,213
7248,481,155
7249,81,137
7250,157,177
7251,337,291
7252,127,409
7253,477,339
7254,181,95
7255,179,247
7256,475,345
7257,467,175
7258,423,469
7259,307,273
7260,491,387
7261,495,371
7262,131,371
7263,197,265
7264,477,117
7265,63,245
7266,411,269
7267,339,215
7268,489,417
7269,81,437
7270,465,407
7271,61,487
7272,159,391
7273,407,253
7274,471,223
7275,253,125
7276,73,191
7277,415,135
7278,449,409
7279,221,277
7280,197,299
7281,479,391
7282,385,263
7283,405,485
7284,357,461
7285,107,401
7286,469,177
7287,87,355
7288,139,281
7289,77,197
7290,335,387
7291,339,307
7292,381,63
7293,75,153
7294,141,401
7295,387,305
7296,281,403
7297,93,193
7298,345,185
7299,469,435
7300,295,303
7301,131,65
7302,133,423
7303,169,487
7304,83,351
7305,131,169
7306,155,409
7307,437,315
7308,191,473
7309,227,191
7310,191,107
7311,415,109
7312,71,429
7313,435,113
7314,353,203
7315,99,207
7316,147,153
7317,363,277
7318,375,359
7319,423,73
7320,271,401
7321,433,233
7322,441,333
7323,401,195
7324,181,177
7325,373,157
7326,327,443
7327,121,489
7328,301,125
7329,191,89
7330,427,253
7331,307,325
7332,133,471
7333,297,323
7334,213,369
7335,145,347
7336,391,215
7337,237,467
7338,279,493
7339,473,79
7340,255,285
7341,171,433
7342,341,219
7343,191,107
7344,285,389
7345,295,433
7346,297,85
7347,321,107
7348,373,73
7349,201,371
7350,95,389
7351,117,109
7352,355,343
7353,109,359
7354,283,489
7355,369,185
7356,71,169
7357,73,369
7358,243,353
7359,111,143
7360,285,71
7361,87,345
7362,99,205
7363,111,341
7364,453,349
7365,377,87
7366,395,443
7367,119,115
7368,105,411
7369,95,109
7370,355,269
7371,473,479
7372,275,439
7373,199,321
7374,389,61
7375,383,163
7376,423,291
7377,353,159
7378,291,271
7379,475,431
7380,415,73
7381,79,275
7382,471,283
7383,439,471
7384,231,249
7385,77,499
7386,235,91
7387,417,155
7388,65,429
7389,365,195
7390,269,453
7391,355,183
7392,161,469
7393,183,119
7394,447,385
7395,239,389
7396,477,179
7397,203,135
7398,307,309
7399,257,255
7400,327,369
7401,183,309
7402,327,83
7403,167,79
7404,149,417
7405,239,179
7406,401,111
7407,375,335
7408,417,177
7409,147,217
7410,235,359
7411,87,181
7412,445,91
7413,291,383
7414,115,129
7415,499,479
7416,411,145
7417,199,443
7418,93,473
7419,445,73
7420,135,101
7421,115,347
7422,209,263
7423,129,107
7424,375,269
7425,377,245
7426,97,99
7427,237,149
7428,273,155
7429,113,235
7430,275,305
7431,249,167
7432,467,65
7433,75,63
7434,333,139
7435,479,177
7436,493,133
7437,269,285
7438,113,311
7439,365,485
7440,315,139
7441,139,161
7442,177,209
7443,393,225
7444,127,425
7445,125,311
7446,111,313
7447,289,469
7448,273,195
7449,329,95
7450,217,409
7451,121,211
7452,455,163
7453,381,187
7454,381,79
7455,483,499
7456,171,223
7457,301,247
7458,71,219
7459,361,195
7460,475,117
7461,185,309
7462,115,447
7463,407,381
7464,317,353
7465,163,159
7466,491,185
7467,117,351
7468,281,343
7469,231,119
7470,325,137
7471,73,291
7472,393,291
7473,153,357
7474,63,221
7475,221,77
7476,419,189
7477,431,117
7478,351,281
7479,203,293
7480,297,493
7481,481,99
7482,179,231
7483,475,207
7484,145,149
7485,483,349
7486,127,315
7487,479,425
7488,71,381
7489,153,257
7490,193,115
7491,163,231
7492,297,365
7493,397,117
7494,407,303
7495,425,227
7496,301,89
7497,363,415
7498,65,91
7499,429,169
7500,381,285
7501,117,289
7502,331,145
7503,183,131
7504,461,397
7505,449,85
7506,459,169
7507,87,411
7508,145,273
7509,307,99
7510,75,117
7511,75,423
7512,131,133
7513,489,261
7514,385,493
7515,169,99
7516,343,93
7517,103,393
7518,423,99
7519,233,317
7520,143,71
7521,331,279
7522,239,411
7523,141,289
7524,283,163
7525,199,199
7526,191,253
7527,459,347
7528,159,135
7529,283,389
7530,349,333
7531,499,451
7532,307,179
7533,357,185
7534,365,191
7535,423,179
7536,179,299
7537,143,239
7538,209,409
7539,319,215
7540,319,465
7541,285,153
7542,277,179
7543,271,117
7544,397,259
7545,431,475
7546,329,423
7547,97,371
7548,145,75
7549,205,109
7550,401,117
7551,89,191
7552,289,171
7553,75,359
7554,63,75
7555,411,143
7556,189,93
7557,201,297
7558,363,135
7559,345,137
7560,451,481
7561,313,247
7562,85,367
7563,303,249
7564,179,345
7565,237,159
7566,101,301
7567,253,127
7568,249,279
7569,473,399
7570,291,357
7571,83,249
7572,131,373
7573,187,283
7574,123,71
7575,127,79
7576,77,383
7577,425,297
7578,353,327
7579,381,173
7580,249,277
7581,221,393
7582,143,109
7583,425,409
7584,449,241
7585,269,199
7586,85,221
7587,121,179
7588,95,359
7589,473,133
7590,67,313
7591,189,317
7592,63,431
7593,449,227
7594,73,257
7595,367,201
7596,437,327
7597,119,115
7598,399,499
7599,263,75
7600,281,321
7601,431,353
7602,97,143
7603,345,373
7604,107,203
7605,175,219
7606,349,103
7607,351,305
7608,145,151
7609,123,303
7610,391,261
7611,449,107
7612,363,231
7613,129,275
7614,125,335
7615,401,389
7616,307,313
7617,237,419
7618,437,303
7619,121,131
7620,413,493
7621,493,217
7622,403,315
7623,331,153
7624,363,371
7625,231,99
7626,417,281
7627,81,191
7628,333,323
7629,175,329
7630,225,205
7631,451,285
7632,455,249
7633,371,447
7634,375,387
7635,361,421
7636,89,355
7637,87,73
7638,155,69
7639,249,119
7640,195,65
7641,393,451
7642,233,311
7643,101,183
7644,351,79
7645,429,283
7646,129,339
7647,225,319
7648,427,435
7649,153,373
7650,375,403
7651,205,367
7652,465,411
7653,401,453
7654,211,181
7655,387,493
7656,125,155
7657,473,83
7658,367,465
7659,169,251
7660,69,255
7661,269,311
7662,327,93
7663,265,445
7664,437,493
7665,125,469
7666,229,113
7667,163,171
7668,481,277
7669,257,257
7670,399,287
7671,165,333
7672,495,65
7673,287,231
7674,69,425
7675,91,167
7676,199,353
7677,469,273
7678,117,185
7679,493,275
7680,81,413
7681,335,73
7682,387,215
7683,363,369
7684,83,197
7685,319,89
7686,207,125
7687,257,367
7688,73,161
7689,297,245
7690,95,351
7691,387,325
7692,315,119
7693,491,137
7694,399,357
7695,357,61
7696,363,251
7697,229,305
7698,261,225
7699,409,447
7700,393,107
7701,455,443
7702,203,229
7703,383,95
7704,121,205
7705,381,411
7706,467,331
7707,221,479
7708,481,107
7709,335,353
7710,197,183
7711,495,213
7712,153,419
7713,211,97
7714,231,299
7715,485,155
7716,287,499
7717,395,489
7718,327,307
7719,153,241
7720,159,135
7721,253,191
7722,249,211
7723,407,395
7724,97,409
7725,191,393
7726,417,147
7727,175,65
7728,61,325
7729,365,169
7730,143,335
7731,265,261
7732,275,99
7733,187,267
7734,79,169
7735,219,273
7736,137,123
7737,193,83
7738,387,351
7739,135,231
7740,283,175
7741,93,491
7742,193,335
7743,101,93
7744,119,367
7745,161,493
7746,471,129
7747,419,483
7748,65,141
7749,185,95
7750,461,401
7751,297,91
7752,389,363
7753,329,319
7754,335,455
7755,65,403
7756,185,175
7757,155,127
7758,345,473
7759,377,497
7760,381,265
7761,349,241
7762,461,307
7763,109,391
7764,405,297
7765,161,241
7766,463,317
7767,471,175
7768,297,131
7769,385,195
7770,339,125
7771,437,489
7772,389,381
7773,233,471
7774,449,333
7775,323,149
7776,73,299
7777,413,207
7778,139,231
7779,443,209
7780,441,245
7781,159,279
7782,261,75
7783,419,157
7784,397,473
7785,123,205
7786,443,113
7787,123,411
7788,153,211
7789,87,367
7790,65,193
7791,395,91
7792,227,183
7793,445,351
7794,225,161
7795,469,499
7796,463,331
7797,79,61
7798,233,183
7799,145,417
7800,187,157
7801,387,157
7802,371,359
7803,353,133
7804,139,155
7805,419,261
7806,331,221
7807,455,279
7808,413,65
7809,303,453
7810,477,371
7811,435,169
7812,163,201
7813,451,355
7814,449,165
7815,461,129
7816,111,357
7817,189,251
7818,157,391
7819,81,265
7820,437,335
7821,477,267
7822,141,141
7823,405,79
7824,213,493
7825,471,373
7826,489,103
7827,295,103
7828,397,79
7829,259,111
7830,423,213
7831,413,389
7832,497,379
7833,337,299
7834,287,151
7835,495,479
7836,241,255
7837,495,249
7838,411,293
7839,237,421
7840,499,115
7841,187,135
7842,221,129
7843,273,227
7844,315,213
7845,157,181
7846,377,255
7847,335,357
7848,69,447
7849,383,237
7850,159,363
7851,109,221
7852,355,437
7853,213,383
7854,491,387
7855,257,87
7856,355,459
7857,453,199
7858,367,249
7859,235,327
7860,227,129
7861,81,331
7862,367,85
7863,383,291
7864,419,377
7865,337,277
7866,357,173
7867,429,433
7868,245,273
7869,165,263
7870,475,133
7871,409,221
7872,351,141
7873,387,433
7874,181,219
7875,447,375
7876,147,217
7877,419,477
7878,233,395
7879,453,317
7880,467,359
7881,497,349
7882,105,361
7883,393,397
7884,319,451
7885,141,469
7886,165,437
7887,167,99
7888,449,113
7889,297,75
7890,321,451
7891,377,167
7892,323,293
7893,71,197
7894,115,463
7895,121,449
7896,205,255
7897,225,143
7898,159,245
7899,399,307
7900,189,183
7901,461,343
7902,247,103
7903,461,177
7904,307,171
7905,487,141
7906,485,275
7907,63,301
7908,61,451
7909,111,185
7910,215,347
7911,275,439
7912,125,411
7913,75,435
7914,99,145
7915,231,499
7916,237,79
7917,225,241
7918,281,273
7919,75,165
7920,67,257
7921,499,407
7922,125,223
7923,85,283
7924,123,211
7925,411,293
7926,279,317
7927,249,67
7928,367,453
7929,307,337
7930,363,393
7931,209,405
7932,323,103
7933,477,357
7934,481,375
7935,183,423
7936,459,361
7937,463,123
7938,157,471
7939,385,61
7940,69,71
7941,363,373
7942,481,335
7943,111,389
7944,401,471
7945,423,323
7946,341,371
7947,387,123
7948,285,83
7949,417,373
7950,135,285
7951,391,417
7952,349,135
7953,483,83
7954,285,351
7955,357,435
7956,343,455
7957,451,231
7958,255,83
7959,155,123
7960,213,377
7961,103,343
7962,87,255
7963,355,139
7964,187,261
7965,93,247
7966,451,135
7967,377,455
7968,479,67
7969,263,205
7970,259,187
7971,405,281
7972,91,355
7973,189,425
7974,439,359
7975,149,343
7976,277,383
7977,361,293
7978,343,415
7979,351,463
7980,147,327
7981,265,309
7982,343,339
7983,361,297
7984,109,255
7985,445,191
7986,467,477
7987,203,63
7988,73,137
7989,195,249
7990,469,139
7991,403,179
7992,353,321
7993,377,247
7994,383,211
7995,471,125
7996,133,183
7997,267,443
7998,279,101
7999,77,181
8000,133,331
8001,199,183
8002,187,487
8003,393,337
8004,399,271
8005,215,463
8006,351,391
8007,81,81
8008,431,291
8009,271,219
8010,385,77
8011,391,381
8012,79,429
8013,185,81
8014,455,105
8015,477,305
8016,95,337
8017,141,129
8018,313,323
8019,495,283
8020,417,121
8021,315,181
8022,237,297
8023,395,85
8024,243,67
8025,401,159
8026,361,487
8027,493,329
8028,351,63
8029,233,327
8030,69,279
8031,277,155
8032,465,415
8033,429,251
8034,137,339
8035,455,497
8036,313,339
8037,345,81
8038,397,295
8039,123,453
8040,219,283
8041,83,315
8042,85,251
8043,343,467
8044,403,291
8045,289,149
8046,113,435
8047,403,389
8048,459,443
8049,463,453
8050,195,183
8051,161,471
8052,213,317
8053,121,143
8054,103,131
8055,257,197
8056,457,481
8057,145,297
8058,327,175
8059,181,103
8060,255,161
8061,419,93
8062,181,137
8063,77,249
8064,89,279
8065,165,97
8066,459,231
8067,279,455
8068,307,401
8069,165,157
8070,409,419
8071,429,447
8072,431,65
8073,77,335
8074,477,309
8075,443,283
8076,175,331
8077,169,343
8078,435,205
8079,173,439
8080,493,323
8081,327,199
8082,113,189
8083,85,89
8084,205,331
8085,397,447
8086,85,265
8087,149,429
8088,441,199
8089,207,199
8090,119,447
8091,239,465
8092,481,485
8093,409,247
8094,347,461
8095,463,103
8096,221,199
8097,121,233
8098,123,451
8099,83,441
8100,151,367
8101,163,313
8102,213,281
8103,367,405
8104,455,465
8105,243,435
8106,251,367
8107,263,193
8108,189,121
8109,393,433
8110,355,275
8111,483,89
8112,71,187
8113,277,303
8114,387,323
8115,249,285
8116,431,405
8117,67,397
8118,133,339
8119,181,341
8120,473,89
8121,201,103
8122,111,367
8123,235,167
8124,447,105
8125,377,181
8126,311,381
8127,367,177
8128,365,133
8129,477,193
8130,285,109
8131,89,333
8132,63,177
8133,291,361
8134,345,311
8135,69,287
8136,315,221
8137,353,137
8138,243,235
8139,217,125
8140,213,311
8141,401,355
8142,105,339
8143,243,137
8144,487,431
8145,183,359
8146,335,411
8147,385,163
8148,81,335
8149,431,117
8150,477,121
8151,475,303
8152,105,485
8153,443,377
8154,365,159
8155,431,271
8156,499,195
8157,415,117
8158,273,137
8159,235,357
8160,75,365
8161,91,487
8162,457,177
8163,461,269
8164,429,117
8165,199,439
8166,197,187
8167,183,349
8168,267,481
8169,103,61
8170,303,219
8171,289,247
8172,65,371
8173,127,459
8174,197,317
8175,257,273
8176,75,259
8177,331,343
8178,213,327
8179,431,463
8180,427,413
8181,379,419
8182,219,77
8183,349,171
8184,91,495
8185,325,347
8186,233,159
8187,281,251
8188,447,67
8189,91,199
8190,189,239
8191,91,347
8192,121,429
8193,179,449
8194,429,319
8195,245,493
8196,427,335
8197,91,227
8198,315,343
8199,383,343
8200,229,317
8201,479,473
8202,271,371
8203,91,349
8204,259,307
8205,203,397
8206,247,361
8207,175,199
8208,89,419
8209,69,157
8210,423,151
8211,163,407
8212,491,137
8213,375,85
8214,95,105
8215,433,83
8216,87,443
8217,333,467
8218,345,387
8219,103,317
8220,105,333
8221,369,161
8222,187,451
8223,179,67
8224,403,129
8225,131,365
8226,415,375
8227,83,335
8228,77,389
8229,271,257
8230,77,143
8231,273,371
8232,331,259
8233,313,81
8234,61,229
8235,69,61
8236,455,317
8237,341,333
8238,435,481
8239,79,255
8240,455,115
8241,89,489
8242,87,321
8243,167,175
8244,365,455
8245,313,341
8246,231,453
8247,461,207
8248,291,481
8249,323,319
8250,77,169
8251,243,391
8252,143,133
8253,169,379
8254,397,431
8255,439,475
8256,249,187
8257,319,367
8258,489,85
8259,203,435
8260,77,399
8261,281,257
8262,459,369
8263,387,249
8264,437,185
8265,223,437
8266,63,163
8267,195,203
8268,115,285
8269,125,323
8270,169,61
8271,443,317
8272,385,275
8273,161,379
8274,403,409
8275,351,277
8276,363,425
8277,231,449
8278,365,491
8279,197,327
8280,69,301
8281,237,369
8282,101,367
8283,285,131
8284,405,337
8285,367,75
8286,69,179
8287,157,175
8288,137,61
8289,73,335
8290,211,385
8291,379,367
8292,359,221
8293,79,105
8294,131,187
8295,79,175
8296,459,263
8297,307,111
8298,83,117
8299,163,391
8300,359,439
8301,279,405
8302,303,351
8303,125,461
8304,369,457
8305,493,259
8306,211,283
8307,189,481
8308,355,311
8309,305,103
8310,483,329
8311,69,391
8312,463,347
8313,77,419
8314,415,197
8315,205,319
8316,193,339
8317,83,361
8318,145,185
8319,347,165
8320,435,311
8321,395,369
8322,115,347
8323,117,147
8324,151,141
8325,213,329
8326,281,349
8327,247,117
8328,273,127
8329,361,291
8330,209,187
8331,183,429
8332,103,283
8333,137,229
8334,113,273
8335,341,255
8336,415,371
8337,399,331
8338,329,367
8339,327,277
8340,151,219
8341,199,159
8342,151,223
8343,411,107
8344,385,103
8345,69,119
8346,67,127
8347,251,419
8348,235,241
8349,395,197
8350,263,355
8351,231,299
8352,179,245
8353,85,415
8354,273,315
8355,153,461
8356,465,455
8357,379,311
8358,435,133
8359,361,207
8360,137,113
8361,223,275
8362,321,373
8363,423,115
8364,197,419
8365,93,127
8366,185,195
8367,269,299
8368,461,233
8369,343,317
8370,279,431
8371,477,341
8372,131,461
8373,405,345
8374,381,287
8375,359,241
8376,183,121
8377,273,451
8378,395,249
8379,331,289
8380,129,101
8381,375,105
8382,401,461
8383,443,243
8384,69,215
8385,435,187
8386,287,241
8387,469,133
8388,213,271
8389,259,449
8390,183,147
8391,85,455
8392,303,339
8393,377,331
8394,259,251
8395,445,353
8396,249,339
8397,147,83
8398,223,481
8399,111,317
8400,255,357
8401,279,413
8402,233,253
8403,307,67
8404,199,303
8405,393,117
8406,249,269
8407,311,467
8408,173,461
8409,341,115
8410,391,263
8411,71,301
8412,353,319
8413,461,375
8414,189,343
8415,235,369
8416,335,415
8417,277,297
8418,369,419
8419,221,175
8420,433,121
8421,387,297
8422,221,243
8423,375,381
8424,223,279
8425,217,213
8426,313,453
8427,101,217
8428,325,195
8429,257,489
8430,107,211
8431,413,375
8432,135,137
8433,309,77
8434,87,161
8435,147,91
8436,179,319
8437,377,153
8438,285,333
8439,177,435
8440,65,435
8441,433,441
8442,123,245
8443,477,261
8444,99,401
8445,215,493
8446,313,483
8447,115,269
8448,385,169
8449,395,343
8450,377,165
8451,193,63
8452,313,347
8453,81,263
8454,95,331
8455,331,497
8456,429,91
8457,249,387
8458,239,273
8459,127,295
8460,405,211
8461,193,185
8462,387,271
8463,253,121
8464,223,161
8465,401,69
8466,237,65
8467,119,221
8468,201,129
8469,451,291
8470,207,199
8471,223,135
8472,479,457
8473,457,229
8474,389,83
8475,227,331
8476,451,187
8477,295,375
8478,171,263
8479,255,297
8480,357,447
8481,115,427
8482,173,447
8483,173,281
8484,361,197
8485,129,97
8486,393,477
8487,317,281
8488,289,207
8489,145,499
8490,435,95
8491,77,113
8492,159,111
8493,433,253
8494,455,295
8495,463,61
8496,351,113
8497,81,337
8498,395,167
8499,193,267
8500,283,285
8501,183,341
8502,435,71
8503,425,333
8504,411,237
8505,145,113
8506,375,441
8507,273,219
8508,415,233
8509,249,349
8510,99,77
8511,277,255
8512,119,451
8513,491,385
8514,355,223
8515,91,419
8516,447,219
8517,369,439
8518,117,327
8519,161,223
8520,257,193
8521,323,431
8522,433,263
8523,363,221
8524,453,331
8525,145,443
8526,239,123
8527,85,455
8528,481,275
8529,113,477
8530,407,343
8531,179,335
8532,225,239
8533,141,219
8534,197,233
8535,383,135
8536,281,495
8537,81,63
8538,189,407
8539,415,251
8540,249,85
8541,251,487
8542,419,463
8543,177,195
8544,359,237
8545,127,327
8546,235,367
8547,257,365
8548,71,465
8549,233,381
8550,471,345
8551,107,493
8552,473,435
8553,169,337
8554,79,267
8555,465,451
8556,223,361
8557,125,323
8558,103,241
8559,339,237
8560,239,147
8561,353,243
8562,289,287
8563,413,89
8564,107,289
8565,189,327
8566,195,351
8567,313,79
8568,411,497
8569,335,143
8570,427,213
8571,229,407
8572,157,279
8573,479,69
8574,291,201
8575,415,333
8576,483,193
8577,331,97
8578,295,253
8579,413,257
8580,101,493
8581,179,81
8582,69,171
8583,301,255
8584,235,73
8585,367,403
8586,219,359
8587,445,207
8588,371,465
8589,253,425
8590,113,125
8591,205,439
8592,467,97
8593,449,267
8594,309,453
8595,263,199
8596,311,75
8597,465,375
8598,365,105
8599,421,471
8600,117,89
8601,169,473
8602,233,225
8603,163,173
8604,239,69
8605,467,467
8606,353,221
8607,345,349
8608,81,167
8609,249,171
8610,445,67
8611,105,357
8612,105,143
8613,439,91
8614,213,185
8615,187,177
8616,261,149
8617,305,175
8618,179,127
8619,445,397
8620,181,163
8621,263,89
8622,279,135
8623,433,485
8624,201,373
8625,139,85
8626,427,323
8627,375,397
8628,395,105
8629,161,335
8630,135,65
8631,247,109
8632,163,251
8633,459,151
8634,341,493
8635,295,373
8636,185,69
8637,369,313
8638,291,99
8639,151,325
8640,415,447
8641,489,201
8642,297,311
8643,249,357
8644,205,243
8645,327,87
8646,285,169
8647,423,463
8648,293,137
8649,157,289
8650,179,415
8651,105,321
8652,243,195
8653,279,183
8654,211,79
8655,179,109
8656,217,71
8657,403,103
8658,287,343
8659,373,203
8660,383,75
8661,167,137
8662,461,155
8663,153,327
8664,159,361
8665,349,189
8666,207,291
8667,429,217
8668,167,237
8669,129,329
8670,95,251
8671,125,435
8672,293,241
8673,83,463
8674,235,67
8675,289,175
8676,343,251
8677,429,109
8678,241,119
8679,165,127
8680,269,493
8681,191,477
8682,93,325
8683,287,127
8684,65,307
8685,415,329
8686,379,237
8687,409,305
8688,91,399
8689,155,439
8690,125,149
8691,101,497
8692,389,145
8693,221,365
8694,81,105
8695,329,231
8696,475,319
8697,117,83
8698,421,367
8699,113,447
8700,139,309
8701,295,353
8702,177,377
8703,435,301
8704,389,101
8705,261,341
8706,199,365
8707,429,71
8708,331,449
8709,315,79
8710,397,201
8711,403,331
8712,229,391
8713,227,483
8714,327,423
8715,123,61
8716,223,349
8717,109,97
8718,429,389
8719,261,447
8720,337,391
8721,233,261
8722,65,309
8723,175,283
8724,465,167
8725,359,151
8726,131,365
8727,321,155
8728,183,189
8729,287,425
8730,279,397
8731,97,145
8732,197,411
8733,323,453
8734,301,159
8735,447,123
8736,469,243
8737,195,97
8738,191,401
8739,471,431
8740,173,411
8741,73,379
8742,347,201
8743,153,463
8744,275,277
8745,97,227
8746,111,321
8747,383,131
8748,323,257
8749,207,275
8750,269,339
8751,191,397
8752,65,341
8753,433,127
8754,165,77
8755,317,157
8756,279,165
8757,391,247
8758,89,91
8759,83,83
8760,97,277
8761,343,97
8762,299,139
8763,125,339
8764,251,369
8765,373,139
8766,279,91
8767,151,461
8768,147,81
8769,445,423
8770,297,121
8771,121,275
8772,225,123
8773,123,181
8774,249,347
8775,297,391
8776,455,177
8777,89,483
8778,339,69
8779,377,159
8780,85,71
8781,325,153
8782,315,461
8783,91,319
8784,125,121
8785,299,167
8786,497,347
8787,463,183
8788,119,493
8789,255,495
8790,451,453
8791,475,435
8792,333,255
8793,473,449
8794,397,319
8795,69,481
8796,87,339
8797,179,249
8798,329,131
8799,333,105
8800,253,447
8801,169,129
8802,161,251
8803,417,83
8804,257,243
8805,213,391
8806,273,341
8807,81,461
8808,85,179
8809,477,301
8810,243,311
8811,491,237
8812,395,115
8813,89,245
8814,121,87
8815,351,109
8816,449,317
8817,413,323
8818,389,433
8819,75,221
8820,441,411
8821,413,143
8822,323,99
8823,341,405
8824,329,153
8825,211,429
8826,171,257
8827,271,225
8828,157,259
8829,407,291
8830,289,483
8831,245,153
8832,489,243
8833,133,395
8834,317,87
8835,419,489
8836,155,181
8837,265,83
8838,195,159
8839,163,335
8840,359,491
8841,321,111
8842,309,459
8843,175,91
8844,187,183
8845,413,337
8846,225,433
8847,139,93
8848,341,457
8849,361,417
8850,95,217
8851,417,101
8852,221,225
8853,85,235
8854,275,103
8855,297,159
8856,217,385
8857,261,459
8858,203,467
8859,325,115
8860,255,307
8861,415,387
8862,447,403
8863,483,359
8864,159,195
8865,113,457
8866,379,253
8867,149,201
8868,173,483
8869,387,389
8870,329,265
8871,309,313
8872,271,291
8873,225,375
8874,237,403
8875,221,343
8876,431,487
8877,181,279
8878,327,353
8879,459,213
8880,129,291
8881,317,439
8882,393,475
8883,327,241
8884,235,287
8885,295,435
8886,153,181
8887,367,313
8888,271,201
8889,495,353
8890,397,243
8891,245,319
8892,119,107
8893,361,267
8894,197,63
8895,103,417
8896,165,325
8897,365,429
8898,443,321
8899,165,129
8900,373,143
8901,243,129
8902,467,337
8903,387,329
8904,369,63
8905,169,223
8906,355,147
8907,93,269
8908,387,499
8909,233,177
8910,97,89
8911,397,249
8912,121,289
8913,83,129
8914,181,247
8915,99,137
8916,385,379
8917,83,397
8918,449,191
8919,305,281
8920,311,315
8921,161,101
8922,207,495
8923,403,305
8924,131,163
8925,273,121
8926,171,163
8927,301,401
8928,263,187
8929,425,415
8930,123,345
8931,421,431
8932,497,419
8933,243,477
8934,459,203
8935,385,81
8936,101,443
8937,471,133
8938,77,63
8939,189,123
8940,223,289
8941,147,325
8942,303,461
8943,293,363
8944,213,95
8945,277,459
8946,389,161
8947,63,197
8948,237,309
8949,317,245
8950,163,367
8951,127,103
8952,375,193
8953,443,429
8954,223,123
8955,63,205
8956,101,145
8957,107,257
8958,447,241
8959,245,435
8960,169,343
8961,189,381
8962,305,397
8963,93,317
8964,395,231
8965,177,495
8966,347,205
8967,143,491
8968,345,369
8969,399,191
8970,185,157
8971,139,469
8972,373,93
8973,161,117
8974,359,261
8975,223,129
8976,275,413
8977,253,325
8978,349,279
8979,439,157
8980,405,485
8981,425,419
8982,375,131
8983,481,209
8984,261,171
8985,327,259
8986,259,409
8987,499,189
8988,141,143
8989,483,123
8990,497,419
8991,421,295
8992,447,259
8993,209,263
8994,481,131
8995,437,409
8996,423,191
8997,243,191
8998,479,219
8999,143,387
9000,139,447
9001,97,115
9002,137,225
9003,77,141
9004,477,375
9005,489,71
9006,385,149
9007,167,167
9008,141,281
9009,321,217
9010,263,355
9011,455,117
9012,351,209
9013,91,91
9014,233,177
9015,267,171
9016,263,255
9017,371,99
9018,365,199
9019,93,85
9020,183,213
9021,71,245
9022,131,153
9023,263,387
9024,369,169
9025,341,447
9026,461,211
9027,449,421
9028,329,171
9029,477,81
9030,455,389
9031,461,89
9032,279,431
9033,207,461
9034,221,225
9035,111,205
9036,407,225
9037,383,183
9038,299,299
9039,429,99
9040,283,303
9041,223,469
9042,439,397
9043,409,411
9044,65,287
9045,373,189
9046,269,67
9047,361,177
9048,389,197
9049,433,413
9050,369,203
9051,83,169
9052,139,447
9053,299,129
9054,83,465
9055,309,203
9056,491,123
9057,221,355
9058,275,175
9059,71,271
9060,143,269
9061,111,71
9062,419,237
9063,137,465
9064,463,75
9065,131,407
9066,483,115
9067,385,243
9068,485,447
9069,205,321
9070,417,313
9071,389,287
9072,289,477
9073,201,269
9074,465,375
9075,197,211
9076,277,153
9077,235,239
9078,419,349
9079,415,437
9080,159,399
9081,249,99
9082,435,97
9083,469,289
9084,455,475
9085,301,131
9086,415,175
9087,183,277
9088,317,209
9089,169,319
9090,105,143
9091,297,421
9092,75,279
9093,213,287
9094,295,271
9095,133,191
9096,317,447
9097,411,181
9098,393,347
9099,341,271
9100,403,277
9101,315,451
9102,133,361
9103,223,441
9104,293,277
9105,223,247
9106,407,473
9107,69,95
9108,461,383
9109,437,317
9110,377,381
9111,203,129
9112,389,127
9113,367,435
9114,215,339
9115,363,487
9116,129,179
9117,253,437
9118,137,85
9119,207,97
9120,289,249
9121,201,147
9122,205,329
9123,145,351
9124,423,353
9125,193,471
9126,303,279
9127,439,303
9128,235,453
9129,229,131
9130,135,119
9131,319,135
9132,183,131
9133,417,271
9134,241,289
9135,183,455
9136,313,125
9137,357,399
9138,443,493
9139,125,467
9140,347,295
9141,469,489
9142,121,331
9143,285,421
9144,337,423
9145,325,485
9146,301,275
9147,469,227
9148,271,409
9149,81,175
9150,239,165
9151,269,455
9152,475,209
9153,407,407
9154,143,139
9155,157,295
9156,205,381
9157,331,481
9158,89,393
9159,317,97
9160,185,433
9161,175,167
9162,293,321
9163,421,353
9164,435,401
9165,263,283
9166,413,113
9167,381,113
9168,351,429
9169,319,387
9170,343,283
9171,383,143
9172,125,123
9173,399,409
9174,115,259
9175,431,225
9176,255,187
9177,301,313
9178,371,199
9179,225,187
9180,459,167
9181,349,329
9182,347,315
9183,273,397
9184,127,143
9185,323,341
9186,107,355
9187,247,367
9188,407,375
9189,327,451
9190,379,327
9191,443,83
9192,141,89
9193,165,93
9194,335,173
9195,387,403
9196,165,443
9197,323,241
9198,399,235
9199,305,151
9200,245,157
9201,203,191
9202,351,285
9203,151,301
9204,419,211
9205,467,215
9206,383,199
9207,203,483
9208,97,359
9209,175,155
9210,379,355
9211,229,175
9212,311,253
9213,451,165
9214,251,127
9215,423,353
9216,311,261
9217,411,153
9218,181,367
9219,231,223
9220,197,61
9221,469,177
9222,137,147
9223,179,395
9224,295,111
9225,273,235
9226,185,141
9227,261,199
9228,93,481
9229,461,67
9230,267,69
9231,379,251
9232,163,145
9233,79,255
9234,123,327
9235,367,491
9236,425,191
9237,273,399
9238,295,157
9239,413,145
9240,457,213
9241,489,71
9242,303,241
9243,329,159
9244,159,299
9245,147,201
9246,355,85
9247,215,181
9248,359,313
9249,249,215
9250,335,485
9251,475,199
9252,91,109
9253,205,203
9254,97,229
9255,365,381
9256,469,323
9257,87,323
9258,411,165
9259,169,215
9260,159,391
9261,367,335
9262,405,209
9263,447,207
9264,309,369
9265,469,311
9266,485,155
9267,431,315
9268,107,407
9269,261,275
9270,101,77
9271,237,119
9272,463,419
9273,349,125
9274,481,153
9275,179,235
9276,341,83
9277,143,433
9278,265,375
9279,447,419
9280,363,193
9281,439,393
9282,123,143
9283,373,177
9284,319,273
9285,87,259
9286,355,163
9287,135,261
9288,281,491
9289,223,171
9290,321,441
9291,275,329
9292,369,91
9293,211,91
9294,381,115
9295,421,123
9296,123,381
9297,361,353
9298,131,171
9299,211,139
9300,327,359
9301,429,343
9302,135,491
9303,191,161
9304,205,329
9305,417,253
9306,467,229
9307,83,295
9308,407,155
9309,451,357
9310,101,235
9311,327,497
9312,327,357
9313,213,115
9314,359,375
9315,131,465
9316,165,429
9317,425,353
9318,395,145
9319,115,157
9320,483,201
9321,319,119
9322,177,251
9323,389,155
9324,221,245
9325,205,99
9326,303,319
9327,341,181
9328,361,321
9329,345,455
9330,383,493
9331,371,229
9332,397,355
9333,231,205
9334,201,277
9335,159,143
9336,325,293
9337,147,453
9338,95,161
9339,419,131
9340,295,223
9341,499,293
9342,171,351
9343,439,261
9344,467,225
9345,481,323
9346,263,73
9347,233,239
9348,435,119
9349,369,271
9350,363,499
9351,479,187
9352,253,427
9353,357,137
9354,245,187
9355,297,393
9356,69,121
9357,331,123
9358,355,135
9359,73,127
9360,373,257
9361,277,87
9362,435,461
9363,107,69
9364,219,127
9365,207,73
9366,423,367
9367,463,445
9368,323,379
9369,463,209
9370,481,371
9371,367,497
9372,269,319
9373,191,307
9374,139,265
9375,399,389
9376,93,271
9377,403,203
9378,91,407
9379,387,161
9380,311,143
9381,63,127
9382,207,209
9383,323,207
9384,203,193
9385,219,497
9386,135,97
9387,411,353
9388,219,263
9389,493,115
9390,213,249
9391,469,497
9392,267,297
9393,71,227
9394,335,325
9395,89,483
9396,405,369
9397,357,347
9398,241,263
9399,117,173
9400,353,403
9401,395,415
9402,147,139
9403,467,113
9404,99,145
9405,67,285
9406,63,245
9407,191,277
9408,433,127
9409,93,143
9410,281,287
9411,499,439
9412,315,473
9413,169,135
9414,97,215
9415,413,463
9416,297,349
9417,87,459
9418,117,199
9419,377,313
9420,385,485
9421,329,105
9422,369,133
9423,415,429
9424,201,419
9425,129,151
9426,213,343
9427,249,351
9428,309,249
9429,193,383
9430,355,437
9431,461,289
9432,447,373
9433,259,195
9434,363,205
9435,75,243
9436,199,249
9437,135,207
9438,105,447
9439,327,245
9440,131,97
9441,129,297
9442,479,241
9443,63,383
9444,497,167
9445,151,373
9446,483,239
9447,441,139
9448,371,375
9449,457,479
9450,249,205
9451,271,315
9452,489,107
9453,211,173
9454,477,181
9455,213,413
9456,427,333
9457,385,307
9458,341,393
9459,439,323
9460,213,143
9461,271,399
9462,419,315
9463,271,147
9464,287,459
9465,389,115
9466,467,105
9467,393,287
9468,425,335
9469,435,407
9470,321,341
9471,137,97
9472,299,249
9473,159,377
9474,231,355
9475,377,495
9476,179,393
9477,113,329
9478,375,303
9479,63,307
9480,327,197
9481,63,95
9482,75,479
9483,477,195
9484,63,151
9485,317,467
9486,191,153
9487,449,173
9488,433,439
9489,373,311
9490,319,285
9491,81,265
9492,107,315
9493,215,139
9494,215,367
9495,377,75
9496,401,387
9497,337,431
9498,221,369
9499,163,119
9500,295,331
9501,293,293
9502,335,367
9503,245,427
9504,431,145
9505,425,247
9506,257,475
9507,231,159
9508,469,197
9509,263,251
9510,91,393
9511,459,435
9512,225,305
9513,335,295
9514,371,457
9515,339,65
9516,195,287
9517,407,345
9518,373,195
9519,113,399
9520,77,81
9521,351,125
9522,347,203
9523,457,279
9524,429,357
9525,395,369
9526,153,269
9527,379,351
9528,117,317
9529,125,497
9530,359,231
9531,387,121
9532,483,133
9533,251,389
9534,317,349
9535,83,223
9536,437,119
9537,283,97
9538,309,343
9539,355,315
9540,121,377
9541,433,77
9542,481,389
9543,217,167
9544,385,61
9545,119,139
9546,129,325
9547,143,309
9548,87,469
9549,91,65
9550,65,81
9551,225,467
9552,111,481
9553,489,201
9554,381,247
9555,409,269
9556,293,405
9557,333,451
9558,247,317
9559,293,387
9560,377,415
9561,121,181
9562,209,297
9563,125,487
9564,91,311
9565,317,375
9566,139,105
9567,463,363
9568,361,91
9569,373,325
9570,323,121
9571,195,245
9572,69,201
9573,101,487
9574,201,87
9575,475,491
9576,173,211
9577,401,163
9578,321,329
9579,397,195
9580,171,349
9581,293,185
9582,305,183
9583,217,81
9584,163,103
9585,383,425
9586,219,491
9587,493,319
9588,237,253
9589,289,227
9590,191,259
9591,221,335
9592,413,263
9593,175,111
9594,265,459
9595,251,85
9596,89,207
9597,95,251
9598,309,369
9599,133,245
9600,307,255
9601,423,271
9602,235,483
9603,179,299
9604,407,377
9605,329,135
9606,65,317
9607,201,323
9608,403,341
9609,245,267
9610,495,123
9611,175,293
9612,123,477
9613,187,237
9614,245,255
9615,475,371
9616,285,429
9617,371,211
9618,95,111
9619,295,255
9620,419,213
9621,411,483
9622,165,497
9623,419,465
9624,161,335
9625,219,441
9626,313,377
9627,265,289
9628,123,273
9629,383,413
9630,471,287
9631,105,467
9632,349,149
9633,323,275
9634,495,471
9635,481,427
9636,387,351
9637,433,67
9638,141,233
9639,61,467
9640,315,283
9641,139,249
9642,453,271
9643,445,349
9644,143,213
9645,235,187
9646,81,367
9647,449,171
9648,401,253
9649,81,269
9650,301,419
9651,211,283
9652,133,271
9653,415,187
9654,141,475
9655,453,119
9656,297,149
9657,429,417
9658,169,259
9659,229,141
9660,65,369
9661,443,61
9662,481,93
9663,439,159
9664,187,83
9665,287,473
9666,135,231
9667,353,95
9668,121,185
9669,263,119
9670,277,115
9671,281,231
9672,149,345
9673,437,279
9674,317,405
9675,375,229
9676,171,171
9677,359,133
9678,471,209
9679,341,77
9680,293,333
9681,99,179
9682,71,263
9683,135,67
9684,79,101
9685,321,165
9686,283,267
9687,243,211
9688,91,89
9689,107,127
9690,463,149
9691,227,391
9692,249,477
9693,439,81
9694,239,379
9695,203,463
9696,221,303
9697,459,215
9698,487,199
9699,73,395
9700,295,107
9701,301,107
9702,481,439
9703,61,223
9704,371,195
9705,269,399
9706,465,71
9707,95,289
9708,253,111
9709,203,245
9710,99,177
9711,455,331
9712,109,365
9713,495,473
9714,491,423
9715,333,437
9716,481,463
9717,327,321
9718,249,147
9719,261,319
9720,333,87
9721,227,217
9722,95,339
9723,389,221
9724,347,481
9725,455,185
9726,139,217
9727,319,427
9728,405,447
9729,201,219
9730,361,395
9731,439,195
9732,231,247
9733,215,61
9734,487,169
9735,451,207
9736,187,469
9737,477,235
9738,345,363
9739,225,213
9740,149,151
9741,63,225
9742,463,369
9743,143,315
9744,259,265
9745,175,191
9746,189,153
9747,231,199
9748,425,133
9749,63,233
9750,165,467
9751,359,139
9752,165,177
9753,205,391
9754,205,479
9755,411,243
9756,177,399
9757,441,447
9758,335,199
9759,383,197
9760,161,413
9761,407,61
9762,483,235
9763,375,309
9764,137,261
9765,431,489
9766,427,235
9767,305,179
9768,319,89
9769,175,215
9770,283,321
9771,397,231
9772,389,219
9773,349,405
9774,169,463
9775,103,467
9776,327,133
9777,483,371
9778,67,351
9779,179,471
9780,425,483
9781,341,233
9782,237,449
9783,323,349
9784,179,87
9785,317,383
9786,485,271
9787,329,81
9788,255,475
9789,355,499
9790,103,333
9791,491,299
9792,385,241
9793,431,431
9794,205,281
9795,201,235
9796,363,211
9797,313,245
9798,293,279
9799,473,293
9800,333,445
9801,391,237
9802,315,131
9803,141,123
9804,333,487
9805,69,67
9806,145,365
9807,189,135
9808,81,329
9809,267,359
9810,281,119
9811,175,163
9812,253,483
9813,125,101
9814,243,455
9815,141,319
9816,229,353
9817,197,487
9818,229,351
9819,161,291
9820,371,273
9821,423,389
9822,109,127
9823,253,337
9824,125,293
9825,209,67
9826,321,283
9827,121,77
9828,431,371
9829,371,147
9830,471,485
9831,491,91
9832,357,283
9833,127,261
9834,289,407
9835,105,109
9836,259,299
9837,445,365
9838,195,293
9839,67,125
9840,379,273
9841,201,419
9842,469,305
9843,429,277
9844,249,497
9845,307,409
9846,277,369
9847,217,491
9848,495,189
9849,303,341
9850,313,301
9851,325,69
9852,233,255
9853,217,439
9854,107,421
9855,81,393
9856,109,93
9857,281,349
9858,467,155
9859,243,339
9860,393,159
9861,315,177
9862,493,341
9863,131,357
9864,485,199
9865,381,399
9866,405,425
9867,335,421
9868,169,423
9869,111,223
9870,119,91
9871,117,211
9872,87,349
9873,437,235
9874,129,145
9875,211,483
9876,183,351
9877,373,381
9878,253,427
9879,163,207
9880,373,193
9881,127,441
9882,429,63
9883,193,395
9884,377,399
9885,347,413
9886,255,319
9887,175,149
9888,251,491
9889,327,343
9890,349,371
9891,189,347
9892,323,355
9893,155,177
9894,487,97
9895,161,445
9896,395,365
9897,325,279
9898,157,279
9899,399,317
9900,419,213
9901,287,67
9902,387,423
9903,61,117
9904,95,367
9905,109,103
9906,197,373
9907,401,333
9908,383,487
9909,419,93
9910,85,95
9911,173,383
9912,429,293
9913,181,319
9914,191,297
9915,291,395
9916,343,437
9917,341,189
9918,395,471
9919,475,429
9920,303,147
9921,371,105
9922,389,301
9923,81,379
9924,391,155
9925,323,185
9926,239,411
9927,237,433
9928,353,253
9929,181,295
9930,421,117
9931,487,205
9932,91,155
9933,341,137
9934,437,437
9935,497,165
9936,253,401
9937,231,345
9938,311,337
9939,113,205
9940,361,247
9941,117,241
9942,257,191
9943,207,387
9944,347,117
9945,255,319
9946,487,239
9947,75,423
9948,461,293
9949,267,115
9950,159,385
9951,131,281
9952,257,423
9953,293,113
9954,221,371
9955,271,283
9956,205,239
9957,259,495
9958,387,99
9959,205,313
9960,497,385
9961,187,271
9962,447,185
9963,61,105
9964,211,453
9965,411,271
9966,441,283
9967,311,483
9968,255,397
9969,409,109
9970,209,189
9971,479,301
9972,469,409
9973,425,111
9974,485,99
9975,89,377
9976,461,341
9977,401,477
9978,405,265
9979,101,467
9980,217,197
9981,369,113
9982,429,193
9983,63,265
9984,315,253
9985,439,219
9986,385,83
9987,139,163
9988,479,433
9989,189,143
9990,135,293
9991,409,331
9992,353,245
9993,175,415
9994,89,161
9995,175,157
9996,217,371
9997,71,263
9998,241,465
9999,91,361
